sensor_id,ubicacion,tipo_via,timestamp,conteo_vehiculos,temperatura_c,condicion_clima,lat,lon,hora,geo_corregida
SEN01,Av. Regional,Troncal,2025-03-01 00:00:00,15.0,25.3,Soleado,6.23148,-75.58964,0,False
SEN01,Av. Regional,Troncal,2025-03-01 02:00:00,14.0,26.8,Soleado,6.22994,-75.59105,2,False
SEN01,Av. Regional,Troncal,2025-03-01 04:00:00,9.0,23.8,Soleado,6.23109,-75.5906,4,False
SEN01,Av. Regional,Troncal,2025-03-01 06:00:00,43.0,22.5,Soleado,6.2314,-75.59091,6,False
SEN01,Av. Regional,Troncal,2025-03-01 08:00:00,42.0,21.2,Lluvia,6.23179,-75.59126,8,False
SEN01,Av. Regional,Troncal,2025-03-01 10:00:00,25.0,21.8,Nublado,6.23136,-75.59033,10,False
SEN01,Av. Regional,Troncal,2025-03-01 12:00:00,25.0,23.6,Soleado,6.22999,-75.59141,12,False
SEN01,Av. Regional,Troncal,2025-03-01 14:00:00,27.0,21.2,Lluvia,6.23064,-75.58986,14,False
SEN01,Av. Regional,Troncal,2025-03-01 16:00:00,51.0,21.5,Soleado,6.23153,-75.59112,16,False
SEN01,Av. Regional,Troncal,2025-03-01 18:00:00,47.0,28.6,Nublado,6.23142,-75.58988,18,False
SEN01,Av. Regional,Troncal,2025-03-01 20:00:00,16.0,23.5,Soleado,6.23058,-75.59045,20,False
SEN01,Av. Regional,Troncal,2025-03-01 22:00:00,17.0,25.2,Soleado,6.23096,-75.58981,22,False
SEN01,Av. Regional,Troncal,2025-03-02 00:00:00,19.0,27.3,Lluvia,6.23094,-75.59144,0,False
SEN01,Av. Regional,Troncal,2025-03-02 02:00:00,23.0,19.0,Soleado,6.2308,-75.59114,2,False
SEN01,Av. Regional,Troncal,2025-03-02 04:00:00,12.0,21.3,Soleado,6.22981,-75.58974,4,False
SEN01,Av. Regional,Troncal,2025-03-02 06:00:00,35.0,22.7,Nublado,6.23007,-75.59047,6,False
SEN01,Av. Regional,Troncal,2025-03-02 08:00:00,37.0,22.84602510460251,Soleado,6.2305,-75.59029,8,False
SEN01,Av. Regional,Troncal,2025-03-02 10:00:00,12.0,27.0,Soleado,6.23057,-75.59143,10,False
SEN01,Av. Regional,Troncal,2025-03-02 12:00:00,23.0,20.3,Soleado,6.23026,-75.58975,12,False
SEN01,Av. Regional,Troncal,2025-03-02 14:00:00,18.0,26.7,Lluvia,6.23085,-75.59035,14,False
SEN01,Av. Regional,Troncal,2025-03-02 16:00:00,35.0,22.8,Soleado,6.23067,-75.59033,16,False
SEN01,Av. Regional,Troncal,2025-03-02 18:00:00,38.0,20.7,Nublado,6.22983,-75.59056,18,False
SEN01,Av. Regional,Troncal,2025-03-02 20:00:00,11.0,23.9,Soleado,6.23103,-75.591,20,False
SEN01,Av. Regional,Troncal,2025-03-02 22:00:00,13.0,25.3,Soleado,6.23173,-75.5897,22,False
SEN01,Av. Regional,Troncal,2025-03-03 00:00:00,11.0,24.7,Soleado,6.23098,-75.59033,0,False
SEN01,Av. Regional,Troncal,2025-03-03 02:00:00,12.0,17.6,Soleado,6.23117,-75.59157,2,False
SEN01,Av. Regional,Troncal,2025-03-03 04:00:00,19.0,24.7,Soleado,6.23155,-75.59024,4,False
SEN01,Av. Regional,Troncal,2025-03-03 06:00:00,40.5,20.6,Soleado,6.23004,-75.59075,6,False
SEN01,Av. Regional,Troncal,2025-03-03 08:00:00,44.0,24.7,Soleado,6.23056,-75.59112,8,False
SEN01,Av. Regional,Troncal,2025-03-03 10:00:00,11.0,22.0,Nublado,6.23,-75.59031,10,False
SEN01,Av. Regional,Troncal,2025-03-03 12:00:00,13.0,23.1,Nublado,6.22996,-75.5915,12,False
SEN01,Av. Regional,Troncal,2025-03-03 14:00:00,16.0,23.0,Nublado,6.23068,-75.58981,14,False
SEN01,Av. Regional,Troncal,2025-03-03 16:00:00,36.0,22.0,Nublado,6.23017,-75.58993,16,False
SEN01,Av. Regional,Troncal,2025-03-03 18:00:00,36.0,25.4,Nublado,6.23145,-75.59027,18,False
SEN01,Av. Regional,Troncal,2025-03-03 20:00:00,7.0,23.9,Lluvia,6.23062,-75.58991,20,False
SEN01,Av. Regional,Troncal,2025-03-03 22:00:00,17.0,23.7,Lluvia,6.23159,-75.59119,22,False
SEN01,Av. Regional,Troncal,2025-03-04 00:00:00,19.0,21.0,Soleado,6.23069,-75.59115,0,False
SEN01,Av. Regional,Troncal,2025-03-04 02:00:00,14.0,22.5,Soleado,6.23154,-75.59068,2,False
SEN01,Av. Regional,Troncal,2025-03-04 04:00:00,8.0,19.0,Soleado,6.23045,-75.59123,4,False
SEN01,Av. Regional,Troncal,2025-03-04 06:00:00,52.0,20.4,Soleado,6.23069,-75.59159,6,False
SEN01,Av. Regional,Troncal,2025-03-04 08:00:00,41.0,20.5,Nublado,6.23098,-75.59095,8,False
SEN01,Av. Regional,Troncal,2025-03-04 10:00:00,18.0,27.6,Soleado,6.23095,-75.59112,10,False
SEN01,Av. Regional,Troncal,2025-03-04 12:00:00,16.0,17.2,Nublado,6.2305,-75.59072,12,False
SEN01,Av. Regional,Troncal,2025-03-04 14:00:00,2.0,23.9,Nublado,6.23137,-75.58998,14,False
SEN01,Av. Regional,Troncal,2025-03-04 16:00:00,41.0,20.9,Soleado,6.22985,-75.59028,16,False
SEN01,Av. Regional,Troncal,2025-03-04 18:00:00,50.0,23.3,Soleado,6.23122,-75.59123,18,False
SEN01,Av. Regional,Troncal,2025-03-04 20:00:00,16.0,16.8,Nublado,6.23124,-75.59111,20,False
SEN01,Av. Regional,Troncal,2025-03-04 22:00:00,18.0,22.1,Nublado,6.23013,-75.58982,22,False
SEN01,Av. Regional,Troncal,2025-03-05 00:00:00,13.0,22.84602510460251,Soleado,6.2317,-75.58973,0,False
SEN01,Av. Regional,Troncal,2025-03-05 02:00:00,10.0,25.1,Soleado,6.2301,-75.59109,2,False
SEN01,Av. Regional,Troncal,2025-03-05 04:00:00,14.0,22.3,Lluvia,6.23117,-75.59015,4,False
SEN01,Av. Regional,Troncal,2025-03-05 06:00:00,45.0,22.3,Soleado,6.23026,-75.59152,6,False
SEN01,Av. Regional,Troncal,2025-03-05 08:00:00,33.0,22.2,Soleado,6.23114,-75.59004,8,False
SEN01,Av. Regional,Troncal,2025-03-05 10:00:00,34.0,24.5,Soleado,6.23045,-75.59142,10,False
SEN01,Av. Regional,Troncal,2025-03-05 12:00:00,29.0,22.6,Lluvia,6.23149,-75.59035,12,False
SEN01,Av. Regional,Troncal,2025-03-05 14:00:00,7.0,22.5,Soleado,6.23105,-75.59127,14,False
SEN01,Av. Regional,Troncal,2025-03-05 16:00:00,45.0,19.9,Lluvia,6.23098,-75.59079,16,False
SEN01,Av. Regional,Troncal,2025-03-05 18:00:00,46.0,19.1,Soleado,6.23087,-75.5901,18,False
SEN01,Av. Regional,Troncal,2025-03-05 20:00:00,10.0,20.3,Soleado,6.23091,-75.58992,20,False
SEN01,Av. Regional,Troncal,2025-03-05 22:00:00,11.0,27.2,Nublado,6.23149,-75.59151,22,False
SEN01,Av. Regional,Troncal,2025-03-06 00:00:00,14.0,19.3,Soleado,6.23104,-75.58967,0,False
SEN01,Av. Regional,Troncal,2025-03-06 02:00:00,13.0,23.0,Soleado,6.23079,-75.5898,2,False
SEN01,Av. Regional,Troncal,2025-03-06 04:00:00,23.0,20.8,Nublado,6.23047,-75.5911,4,False
SEN01,Av. Regional,Troncal,2025-03-06 06:00:00,41.0,25.0,Soleado,6.23087,-75.59083,6,False
SEN01,Av. Regional,Troncal,2025-03-06 08:00:00,50.0,24.4,Lluvia,6.23007,-75.58977,8,False
SEN01,Av. Regional,Troncal,2025-03-06 10:00:00,10.0,24.5,Nublado,6.2314,-75.59116,10,False
SEN01,Av. Regional,Troncal,2025-03-06 12:00:00,8.0,23.5,Sin dato,6.22994,-75.59096,12,False
SEN01,Av. Regional,Troncal,2025-03-06 14:00:00,6.0,22.6,Soleado,6.2306,-75.59008,14,False
SEN01,Av. Regional,Troncal,2025-03-06 16:00:00,40.0,22.1,Nublado,6.23049,-75.59063,16,False
SEN01,Av. Regional,Troncal,2025-03-06 18:00:00,37.0,24.4,Soleado,6.23065,-75.59027,18,False
SEN01,Av. Regional,Troncal,2025-03-06 20:00:00,21.0,23.5,Lluvia,6.23113,-75.58971,20,False
SEN01,Av. Regional,Troncal,2025-03-06 22:00:00,9.0,29.5,Soleado,6.23046,-75.59032,22,False
SEN01,Av. Regional,Troncal,2025-03-07 00:00:00,9.0,26.5,Sin dato,6.22992,-75.5907,0,False
SEN01,Av. Regional,Troncal,2025-03-07 02:00:00,25.0,23.3,Soleado,6.23037,-75.59065,2,False
SEN01,Av. Regional,Troncal,2025-03-07 04:00:00,22.0,24.2,Nublado,6.23124,-75.58973,4,False
SEN01,Av. Regional,Troncal,2025-03-07 06:00:00,32.0,18.9,Nublado,6.23123,-75.59083,6,False
SEN01,Av. Regional,Troncal,2025-03-07 08:00:00,40.0,26.3,Nublado,6.2302,-75.59092,8,False
SEN01,Av. Regional,Troncal,2025-03-07 10:00:00,13.0,25.2,Soleado,6.23089,-75.59111,10,False
SEN01,Av. Regional,Troncal,2025-03-07 12:00:00,15.0,21.9,Soleado,6.23172,-75.59116,12,False
SEN01,Av. Regional,Troncal,2025-03-07 14:00:00,16.0,24.3,Nublado,6.23174,-75.59083,14,False
SEN01,Av. Regional,Troncal,2025-03-07 16:00:00,53.0,22.84602510460251,Soleado,6.23077,-75.58991,16,False
SEN01,Av. Regional,Troncal,2025-03-07 18:00:00,34.0,24.3,Nublado,6.22989,-75.59147,18,False
SEN01,Av. Regional,Troncal,2025-03-07 20:00:00,14.0,19.0,Sin dato,6.23038,-75.59116,20,False
SEN01,Av. Regional,Troncal,2025-03-07 22:00:00,15.5,22.6,Soleado,6.23118,-75.58998,22,False
SEN01,Av. Regional,Troncal,2025-03-08 00:00:00,21.0,22.0,Lluvia,6.23135,-75.58998,0,False
SEN01,Av. Regional,Troncal,2025-03-08 02:00:00,14.0,21.9,Nublado,6.23169,-75.59,2,False
SEN01,Av. Regional,Troncal,2025-03-08 04:00:00,10.0,22.6,Soleado,6.23169,-75.59149,4,False
SEN01,Av. Regional,Troncal,2025-03-08 06:00:00,37.0,22.1,Soleado,6.23051,-75.59028,6,False
SEN01,Av. Regional,Troncal,2025-03-08 08:00:00,44.0,22.2,Soleado,6.23114,-75.59132,8,False
SEN01,Av. Regional,Troncal,2025-03-08 10:00:00,16.0,21.8,Lluvia,6.23022,-75.59153,10,False
SEN01,Av. Regional,Troncal,2025-03-08 12:00:00,28.0,25.9,Soleado,6.23143,-75.59018,12,False
SEN01,Av. Regional,Troncal,2025-03-08 14:00:00,16.0,19.3,Soleado,6.23116,-75.58983,14,False
SEN01,Av. Regional,Troncal,2025-03-08 16:00:00,38.0,21.0,Nublado,6.23075,-75.59125,16,False
SEN01,Av. Regional,Troncal,2025-03-08 18:00:00,36.0,27.0,Soleado,6.23058,-75.5916,18,False
SEN01,Av. Regional,Troncal,2025-03-08 20:00:00,19.0,25.4,Soleado,6.23083,-75.59092,20,False
SEN01,Av. Regional,Troncal,2025-03-08 22:00:00,15.5,25.0,Nublado,6.23019,-75.58997,22,False
SEN01,Av. Regional,Troncal,2025-03-09 00:00:00,15.0,23.3,Nublado,6.23091,-75.58999,0,False
SEN01,Av. Regional,Troncal,2025-03-09 02:00:00,14.0,24.9,Nublado,6.23057,-75.59041,2,False
SEN01,Av. Regional,Troncal,2025-03-09 04:00:00,25.0,21.6,Soleado,6.23035,-75.59118,4,False
SEN01,Av. Regional,Troncal,2025-03-09 06:00:00,38.0,20.1,Soleado,6.23113,-75.59081,6,False
SEN01,Av. Regional,Troncal,2025-03-09 08:00:00,47.0,26.0,Nublado,6.22998,-75.59153,8,False
SEN01,Av. Regional,Troncal,2025-03-09 10:00:00,16.0,21.7,Soleado,6.23033,-75.59043,10,False
SEN01,Av. Regional,Troncal,2025-03-09 12:00:00,15.0,20.3,Soleado,6.23141,-75.59132,12,False
SEN01,Av. Regional,Troncal,2025-03-09 14:00:00,14.0,18.9,Soleado,6.23077,-75.58964,14,False
SEN01,Av. Regional,Troncal,2025-03-09 16:00:00,42.0,20.9,Nublado,6.23079,-75.59137,16,False
SEN01,Av. Regional,Troncal,2025-03-09 18:00:00,37.0,24.2,Lluvia,6.2316,-75.59025,18,False
SEN01,Av. Regional,Troncal,2025-03-09 20:00:00,12.0,20.5,Nublado,6.23093,-75.59156,20,False
SEN01,Av. Regional,Troncal,2025-03-09 22:00:00,12.0,24.4,Soleado,6.2308,-75.59006,22,False
SEN01,Av. Regional,Troncal,2025-03-10 00:00:00,18.0,28.1,Nublado,6.23091,-75.59001,0,False
SEN01,Av. Regional,Troncal,2025-03-10 02:00:00,13.0,20.9,Soleado,6.23079,-75.59073,2,False
SEN01,Av. Regional,Troncal,2025-03-10 04:00:00,14.0,24.9,Nublado,6.23125,-75.59132,4,False
SEN01,Av. Regional,Troncal,2025-03-10 06:00:00,34.0,23.7,Lluvia,6.23147,-75.59087,6,False
SEN01,Av. Regional,Troncal,2025-03-10 08:00:00,42.0,27.1,Soleado,6.2303,-75.58971,8,False
SEN01,Av. Regional,Troncal,2025-03-10 10:00:00,16.0,17.0,Soleado,6.23028,-75.59028,10,False
SEN01,Av. Regional,Troncal,2025-03-10 12:00:00,15.0,22.9,Soleado,6.23106,-75.59019,12,False
SEN01,Av. Regional,Troncal,2025-03-10 14:00:00,19.0,22.84602510460251,Soleado,6.23029,-75.5899,14,False
SEN01,Av. Regional,Troncal,2025-03-10 16:00:00,40.0,22.1,Soleado,6.23032,-75.59055,16,False
SEN01,Av. Regional,Troncal,2025-03-10 18:00:00,39.0,25.6,Lluvia,6.22982,-75.58986,18,False
SEN01,Av. Regional,Troncal,2025-03-10 20:00:00,12.0,24.5,Soleado,6.23063,-75.59119,20,False
SEN01,Av. Regional,Troncal,2025-03-10 22:00:00,12.0,20.3,Lluvia,6.2313,-75.59144,22,False
SEN01,Av. Regional,Troncal,2025-03-11 00:00:00,4.0,22.0,Lluvia,6.23105,-75.59144,0,False
SEN01,Av. Regional,Troncal,2025-03-11 02:00:00,13.0,23.6,Nublado,6.22986,-75.59137,2,False
SEN01,Av. Regional,Troncal,2025-03-11 04:00:00,8.0,23.9,Soleado,6.23108,-75.59002,4,False
SEN01,Av. Regional,Troncal,2025-03-11 06:00:00,41.0,23.7,Soleado,6.23118,-75.59018,6,False
SEN01,Av. Regional,Troncal,2025-03-11 08:00:00,28.0,22.3,Soleado,6.23003,-75.5902,8,False
SEN01,Av. Regional,Troncal,2025-03-11 10:00:00,26.0,20.0,Soleado,6.2304,-75.58978,10,False
SEN01,Av. Regional,Troncal,2025-03-11 12:00:00,16.0,22.6,Nublado,6.2316,-75.5904,12,False
SEN01,Av. Regional,Troncal,2025-03-11 14:00:00,28.0,25.5,Nublado,6.23124,-75.59151,14,False
SEN01,Av. Regional,Troncal,2025-03-11 16:00:00,36.0,25.0,Soleado,6.23152,-75.59117,16,False
SEN01,Av. Regional,Troncal,2025-03-11 18:00:00,36.0,26.3,Soleado,6.23059,-75.59055,18,False
SEN01,Av. Regional,Troncal,2025-03-11 20:00:00,14.0,24.2,Lluvia,6.2314,-75.59033,20,False
SEN01,Av. Regional,Troncal,2025-03-11 22:00:00,18.0,19.8,Nublado,6.23149,-75.5897,22,False
SEN01,Av. Regional,Troncal,2025-03-12 00:00:00,18.0,23.5,Soleado,6.22997,-75.59105,0,False
SEN01,Av. Regional,Troncal,2025-03-12 02:00:00,13.0,26.9,Nublado,6.23144,-75.59029,2,False
SEN01,Av. Regional,Troncal,2025-03-12 04:00:00,22.0,23.4,Soleado,6.23054,-75.59038,4,False
SEN01,Av. Regional,Troncal,2025-03-12 06:00:00,43.0,25.2,Nublado,6.23096,-75.58971,6,False
SEN01,Av. Regional,Troncal,2025-03-12 08:00:00,40.0,21.1,Soleado,6.22996,-75.59102,8,False
SEN01,Av. Regional,Troncal,2025-03-12 10:00:00,16.0,26.5,Nublado,6.23016,-75.59089,10,False
SEN01,Av. Regional,Troncal,2025-03-12 12:00:00,15.0,22.6,Soleado,6.23014,-75.59008,12,False
SEN01,Av. Regional,Troncal,2025-03-12 14:00:00,14.0,22.3,Nublado,6.23015,-75.59149,14,False
SEN01,Av. Regional,Troncal,2025-03-12 16:00:00,40.0,19.8,Lluvia,6.23178,-75.59074,16,False
SEN01,Av. Regional,Troncal,2025-03-12 18:00:00,41.0,18.0,Soleado,6.23083,-75.58993,18,False
SEN01,Av. Regional,Troncal,2025-03-12 20:00:00,19.0,20.3,Soleado,6.23076,-75.59048,20,False
SEN01,Av. Regional,Troncal,2025-03-12 22:00:00,16.0,21.3,Soleado,6.23141,-75.59056,22,False
SEN01,Av. Regional,Troncal,2025-03-13 00:00:00,11.0,24.3,Lluvia,6.23004,-75.59029,0,False
SEN01,Av. Regional,Troncal,2025-03-13 02:00:00,7.0,21.3,Soleado,6.2301,-75.58979,2,False
SEN01,Av. Regional,Troncal,2025-03-13 04:00:00,16.0,26.3,Soleado,6.23099,-75.58968,4,False
SEN01,Av. Regional,Troncal,2025-03-13 06:00:00,43.0,15.3,Sin dato,6.23088,-75.591,6,False
SEN01,Av. Regional,Troncal,2025-03-13 08:00:00,32.0,20.7,Soleado,6.2299,-75.59044,8,False
SEN01,Av. Regional,Troncal,2025-03-13 10:00:00,23.0,19.1,Nublado,6.23123,-75.58964,10,False
SEN01,Av. Regional,Troncal,2025-03-13 12:00:00,10.0,21.6,Sin dato,6.23014,-75.59147,12,False
SEN01,Av. Regional,Troncal,2025-03-13 14:00:00,14.0,21.7,Soleado,6.23119,-75.59059,14,False
SEN01,Av. Regional,Troncal,2025-03-13 16:00:00,39.0,25.1,Nublado,6.23137,-75.5902,16,False
SEN01,Av. Regional,Troncal,2025-03-13 18:00:00,37.0,20.8,Soleado,6.23115,-75.59121,18,False
SEN01,Av. Regional,Troncal,2025-03-13 20:00:00,18.0,21.4,Soleado,6.23166,-75.58961,20,False
SEN01,Av. Regional,Troncal,2025-03-13 22:00:00,15.5,22.5,Lluvia,6.23,-75.59058,22,False
SEN01,Av. Regional,Troncal,2025-03-14 00:00:00,17.0,20.1,Nublado,6.23119,-75.59108,0,False
SEN01,Av. Regional,Troncal,2025-03-14 02:00:00,14.0,24.3,Sin dato,6.23138,-75.59087,2,False
SEN01,Av. Regional,Troncal,2025-03-14 04:00:00,14.0,22.1,Soleado,6.23018,-75.59147,4,False
SEN01,Av. Regional,Troncal,2025-03-14 06:00:00,34.0,24.0,Soleado,6.23052,-75.59093,6,False
SEN01,Av. Regional,Troncal,2025-03-14 08:00:00,36.0,24.5,Soleado,6.2308,-75.59125,8,False
SEN01,Av. Regional,Troncal,2025-03-14 10:00:00,19.0,27.5,Soleado,6.23014,-75.59107,10,False
SEN01,Av. Regional,Troncal,2025-03-14 12:00:00,15.0,14.4,Lluvia,6.2302,-75.58991,12,False
SEN01,Av. Regional,Troncal,2025-03-14 14:00:00,4.0,27.5,Soleado,6.23072,-75.5899,14,False
SEN01,Av. Regional,Troncal,2025-03-14 16:00:00,41.0,24.9,Soleado,6.23089,-75.59022,16,False
SEN01,Av. Regional,Troncal,2025-03-14 18:00:00,43.0,29.0,Soleado,6.23004,-75.59066,18,False
SEN01,Av. Regional,Troncal,2025-03-14 20:00:00,7.0,18.6,Soleado,6.23016,-75.59135,20,False
SEN01,Av. Regional,Troncal,2025-03-14 22:00:00,20.0,23.3,Soleado,6.23149,-75.59112,22,False
SEN01,Av. Regional,Troncal,2025-03-15 00:00:00,14.0,22.7,Lluvia,6.23162,-75.59097,0,False
SEN01,Av. Regional,Troncal,2025-03-15 02:00:00,24.0,22.4,Lluvia,6.23031,-75.59121,2,False
SEN01,Av. Regional,Troncal,2025-03-15 04:00:00,17.0,25.8,Soleado,6.22995,-75.59106,4,False
SEN01,Av. Regional,Troncal,2025-03-15 06:00:00,36.0,27.5,Soleado,6.23019,-75.59082,6,False
SEN01,Av. Regional,Troncal,2025-03-15 08:00:00,30.0,24.8,Soleado,6.23091,-75.59112,8,False
SEN01,Av. Regional,Troncal,2025-03-15 10:00:00,21.0,23.0,Nublado,6.23048,-75.58985,10,False
SEN01,Av. Regional,Troncal,2025-03-15 12:00:00,13.0,25.1,Soleado,6.23171,-75.58975,12,False
SEN01,Av. Regional,Troncal,2025-03-15 14:00:00,7.0,25.0,Soleado,6.23108,-75.59082,14,False
SEN01,Av. Regional,Troncal,2025-03-15 16:00:00,30.0,22.6,Nublado,6.23126,-75.59065,16,False
SEN01,Av. Regional,Troncal,2025-03-15 18:00:00,41.0,21.9,Soleado,6.2301,-75.59024,18,False
SEN01,Av. Regional,Troncal,2025-03-15 20:00:00,10.0,18.7,Soleado,6.23042,-75.59113,20,False
SEN01,Av. Regional,Troncal,2025-03-15 22:00:00,15.5,22.5,Soleado,6.23138,-75.59006,22,False
SEN01,Av. Regional,Troncal,2025-03-16 00:00:00,19.0,22.9,Nublado,6.22981,-75.59044,0,False
SEN01,Av. Regional,Troncal,2025-03-16 02:00:00,3.0,21.8,Nublado,6.23011,-75.59131,2,False
SEN01,Av. Regional,Troncal,2025-03-16 04:00:00,14.0,17.9,Soleado,6.23033,-75.59118,4,False
SEN01,Av. Regional,Troncal,2025-03-16 06:00:00,41.0,21.1,Nublado,6.22993,-75.59065,6,False
SEN01,Av. Regional,Troncal,2025-03-16 08:00:00,46.0,24.1,Lluvia,6.23073,-75.58995,8,False
SEN01,Av. Regional,Troncal,2025-03-16 10:00:00,15.0,23.4,Nublado,6.23175,-75.58979,10,False
SEN01,Av. Regional,Troncal,2025-03-16 12:00:00,15.0,22.6,Soleado,6.22982,-75.59063,12,False
SEN01,Av. Regional,Troncal,2025-03-16 14:00:00,16.0,18.8,Nublado,6.23001,-75.59106,14,False
SEN01,Av. Regional,Troncal,2025-03-16 16:00:00,46.0,21.8,Lluvia,6.23095,-75.59144,16,False
SEN01,Av. Regional,Troncal,2025-03-16 18:00:00,39.0,22.4,Soleado,6.23178,-75.59008,18,False
SEN01,Av. Regional,Troncal,2025-03-16 20:00:00,12.0,22.4,Nublado,6.23092,-75.59095,20,False
SEN01,Av. Regional,Troncal,2025-03-16 22:00:00,15.5,20.2,Sin dato,6.2299,-75.58987,22,False
SEN01,Av. Regional,Troncal,2025-03-17 00:00:00,9.0,20.9,Lluvia,6.23045,-75.58962,0,False
SEN01,Av. Regional,Troncal,2025-03-17 02:00:00,11.0,22.84602510460251,Soleado,6.23097,-75.59147,2,False
SEN01,Av. Regional,Troncal,2025-03-17 04:00:00,13.0,29.6,Soleado,6.23001,-75.59159,4,False
SEN01,Av. Regional,Troncal,2025-03-17 06:00:00,40.5,21.2,Lluvia,6.23005,-75.59149,6,False
SEN01,Av. Regional,Troncal,2025-03-17 08:00:00,36.0,25.7,Soleado,6.23059,-75.59071,8,False
SEN01,Av. Regional,Troncal,2025-03-17 10:00:00,5.0,19.2,Nublado,6.23167,-75.59131,10,False
SEN01,Av. Regional,Troncal,2025-03-17 12:00:00,15.0,25.1,Soleado,6.23097,-75.58992,12,False
SEN01,Av. Regional,Troncal,2025-03-17 14:00:00,0.0,21.2,Nublado,6.23055,-75.5899,14,False
SEN01,Av. Regional,Troncal,2025-03-17 16:00:00,40.0,22.7,Soleado,6.23134,-75.59072,16,False
SEN01,Av. Regional,Troncal,2025-03-17 18:00:00,35.0,17.0,Soleado,6.23094,-75.59053,18,False
SEN01,Av. Regional,Troncal,2025-03-17 20:00:00,23.0,18.7,Nublado,6.23102,-75.59129,20,False
SEN01,Av. Regional,Troncal,2025-03-17 22:00:00,10.0,24.9,Soleado,6.2313,-75.59001,22,False
SEN01,Av. Regional,Troncal,2025-03-18 00:00:00,12.0,25.6,Lluvia,6.23179,-75.59138,0,False
SEN01,Av. Regional,Troncal,2025-03-18 02:00:00,7.0,21.5,Soleado,6.23023,-75.59079,2,False
SEN01,Av. Regional,Troncal,2025-03-18 04:00:00,9.0,24.7,Nublado,6.23106,-75.59069,4,False
SEN01,Av. Regional,Troncal,2025-03-18 06:00:00,37.0,16.0,Sin dato,6.23013,-75.58978,6,False
SEN01,Av. Regional,Troncal,2025-03-18 08:00:00,35.0,25.1,Soleado,6.22994,-75.59027,8,False
SEN01,Av. Regional,Troncal,2025-03-18 10:00:00,0.0,22.84602510460251,Soleado,6.23021,-75.591,10,False
SEN01,Av. Regional,Troncal,2025-03-18 12:00:00,18.0,25.7,Nublado,6.23013,-75.58976,12,False
SEN01,Av. Regional,Troncal,2025-03-18 14:00:00,8.0,28.2,Lluvia,6.23174,-75.59045,14,False
SEN01,Av. Regional,Troncal,2025-03-18 16:00:00,40.0,25.7,Soleado,6.23026,-75.59017,16,False
SEN01,Av. Regional,Troncal,2025-03-18 18:00:00,45.0,23.4,Sin dato,6.23052,-75.59042,18,False
SEN01,Av. Regional,Troncal,2025-03-18 20:00:00,22.0,25.7,Nublado,6.23162,-75.59022,20,False
SEN01,Av. Regional,Troncal,2025-03-18 22:00:00,21.0,21.9,Nublado,6.23148,-75.59061,22,False
SEN01,Av. Regional,Troncal,2025-03-19 00:00:00,23.0,21.8,Lluvia,6.23064,-75.59135,0,False
SEN01,Av. Regional,Troncal,2025-03-19 02:00:00,11.0,22.6,Sin dato,6.23169,-75.59041,2,False
SEN01,Av. Regional,Troncal,2025-03-19 04:00:00,14.0,22.8,Nublado,6.22985,-75.59141,4,False
SEN01,Av. Regional,Troncal,2025-03-19 06:00:00,40.0,26.9,Lluvia,6.23078,-75.59041,6,False
SEN01,Av. Regional,Troncal,2025-03-19 08:00:00,40.0,27.1,Nublado,6.2301,-75.59044,8,False
SEN01,Av. Regional,Troncal,2025-03-19 10:00:00,5.0,23.0,Nublado,6.23021,-75.59116,10,False
SEN01,Av. Regional,Troncal,2025-03-19 12:00:00,12.0,28.5,Soleado,6.23149,-75.58983,12,False
SEN01,Av. Regional,Troncal,2025-03-19 14:00:00,26.0,18.1,Nublado,6.23025,-75.5901,14,False
SEN01,Av. Regional,Troncal,2025-03-19 16:00:00,40.0,22.8,Soleado,6.23172,-75.59008,16,False
SEN01,Av. Regional,Troncal,2025-03-19 18:00:00,37.0,23.8,Soleado,6.22989,-75.59075,18,False
SEN01,Av. Regional,Troncal,2025-03-19 20:00:00,13.0,21.5,Nublado,6.23102,-75.59016,20,False
SEN01,Av. Regional,Troncal,2025-03-19 22:00:00,15.0,23.7,Soleado,6.22994,-75.59114,22,False
SEN01,Av. Regional,Troncal,2025-03-20 00:00:00,15.0,26.0,Soleado,6.23016,-75.58993,0,False
SEN01,Av. Regional,Troncal,2025-03-20 02:00:00,10.0,17.2,Soleado,6.2304,-75.58983,2,False
SEN01,Av. Regional,Troncal,2025-03-20 04:00:00,14.0,25.4,Lluvia,6.23094,-75.59014,4,False
SEN01,Av. Regional,Troncal,2025-03-20 06:00:00,43.0,22.4,Soleado,6.23054,-75.59081,6,False
SEN01,Av. Regional,Troncal,2025-03-20 08:00:00,40.0,22.2,Sin dato,6.23083,-75.59019,8,False
SEN01,Av. Regional,Troncal,2025-03-20 10:00:00,17.0,22.0,Lluvia,6.23002,-75.58985,10,False
SEN01,Av. Regional,Troncal,2025-03-20 12:00:00,7.0,21.0,Nublado,6.23073,-75.59014,12,False
SEN01,Av. Regional,Troncal,2025-03-20 14:00:00,18.0,24.7,Lluvia,6.23099,-75.5897,14,False
SEN01,Av. Regional,Troncal,2025-03-20 16:00:00,37.0,18.0,Soleado,6.23078,-75.59089,16,False
SEN01,Av. Regional,Troncal,2025-03-20 18:00:00,32.0,23.1,Soleado,6.23101,-75.59152,18,False
SEN01,Av. Regional,Troncal,2025-03-20 20:00:00,14.0,22.3,Soleado,6.23072,-75.5916,20,False
SEN01,Av. Regional,Troncal,2025-03-20 22:00:00,17.0,16.6,Nublado,6.23139,-75.59022,22,False
SEN02,Av. 33,Arteria,2025-03-01 00:00:00,17.0,23.6,Lluvia,6.21534,-75.57374,0,False
SEN02,Av. 33,Arteria,2025-03-01 02:00:00,12.0,24.0,Sin dato,6.21394,-75.57416,2,False
SEN02,Av. 33,Arteria,2025-03-01 04:00:00,13.0,25.5,Nublado,6.2139,-75.57435,4,False
SEN02,Av. 33,Arteria,2025-03-01 06:00:00,43.0,22.3,Lluvia,6.21493,-75.57331,6,False
SEN02,Av. 33,Arteria,2025-03-01 08:00:00,49.0,28.8,Soleado,6.2137,-75.57377,8,False
SEN02,Av. 33,Arteria,2025-03-01 10:00:00,20.0,22.8,Soleado,6.21439,-75.57378,10,False
SEN02,Av. 33,Arteria,2025-03-01 12:00:00,15.0,28.3,Nublado,6.21421,-75.57291,12,False
SEN02,Av. 33,Arteria,2025-03-01 14:00:00,11.0,20.9,Nublado,6.21484,-75.57398,14,False
SEN02,Av. 33,Arteria,2025-03-01 16:00:00,37.0,24.2,Nublado,6.21363,-75.57433,16,False
SEN02,Av. 33,Arteria,2025-03-01 18:00:00,34.0,25.6,Lluvia,6.21438,-75.57333,18,False
SEN02,Av. 33,Arteria,2025-03-01 20:00:00,10.0,22.2,Soleado,6.21485,-75.57312,20,False
SEN02,Av. 33,Arteria,2025-03-01 22:00:00,10.0,26.7,Lluvia,6.21523,-75.57314,22,False
SEN02,Av. 33,Arteria,2025-03-02 00:00:00,21.0,21.5,Soleado,6.21495,-75.57308,0,False
SEN02,Av. 33,Arteria,2025-03-02 02:00:00,17.0,30.1,Nublado,6.21466,-75.573,2,False
SEN02,Av. 33,Arteria,2025-03-02 04:00:00,11.0,21.5,Sin dato,6.21358,-75.57253,4,False
SEN02,Av. 33,Arteria,2025-03-02 06:00:00,45.0,25.3,Nublado,6.21384,-75.5735,6,False
SEN02,Av. 33,Arteria,2025-03-02 08:00:00,36.0,26.0,Soleado,6.21384,-75.57348,8,False
SEN02,Av. 33,Arteria,2025-03-02 10:00:00,17.0,22.7,Lluvia,6.21532,-75.57378,10,False
SEN02,Av. 33,Arteria,2025-03-02 12:00:00,15.0,22.7,Sin dato,6.21367,-75.57363,12,False
SEN02,Av. 33,Arteria,2025-03-02 14:00:00,15.0,25.7,Soleado,6.21397,-75.57337,14,False
SEN02,Av. 33,Arteria,2025-03-02 16:00:00,44.0,26.1,Lluvia,6.21509,-75.57382,16,False
SEN02,Av. 33,Arteria,2025-03-02 18:00:00,38.0,23.15884955752212,Nublado,6.21394,-75.57383,18,False
SEN02,Av. 33,Arteria,2025-03-02 20:00:00,14.0,27.4,Soleado,6.21376,-75.57427,20,False
SEN02,Av. 33,Arteria,2025-03-02 22:00:00,20.0,27.2,Soleado,6.21396,-75.57419,22,False
SEN02,Av. 33,Arteria,2025-03-03 00:00:00,13.0,23.15884955752212,Nublado,6.21521,-75.57276,0,False
SEN02,Av. 33,Arteria,2025-03-03 02:00:00,13.0,22.3,Soleado,6.21507,-75.57439,2,False
SEN02,Av. 33,Arteria,2025-03-03 04:00:00,14.0,21.9,Nublado,6.21405,-75.57406,4,False
SEN02,Av. 33,Arteria,2025-03-03 06:00:00,26.0,23.5,Soleado,6.21358,-75.57246,6,False
SEN02,Av. 33,Arteria,2025-03-03 08:00:00,44.0,23.8,Lluvia,6.21507,-75.57253,8,False
SEN02,Av. 33,Arteria,2025-03-03 10:00:00,12.0,25.5,Nublado,6.21412,-75.57319,10,False
SEN02,Av. 33,Arteria,2025-03-03 12:00:00,0.0,29.7,Lluvia,6.21373,-75.57291,12,False
SEN02,Av. 33,Arteria,2025-03-03 14:00:00,12.0,25.1,Lluvia,6.21369,-75.57337,14,False
SEN02,Av. 33,Arteria,2025-03-03 16:00:00,29.0,25.0,Soleado,6.21421,-75.57346,16,False
SEN02,Av. 33,Arteria,2025-03-03 18:00:00,42.0,26.1,Soleado,6.21431,-75.57279,18,False
SEN02,Av. 33,Arteria,2025-03-03 20:00:00,17.0,21.1,Lluvia,6.21359,-75.57274,20,False
SEN02,Av. 33,Arteria,2025-03-03 22:00:00,16.0,20.1,Nublado,6.21412,-75.57312,22,False
SEN02,Av. 33,Arteria,2025-03-04 00:00:00,8.0,21.9,Nublado,6.21495,-75.57367,0,False
SEN02,Av. 33,Arteria,2025-03-04 02:00:00,13.0,19.3,Nublado,6.21475,-75.57287,2,False
SEN02,Av. 33,Arteria,2025-03-04 04:00:00,10.0,22.1,Lluvia,6.21516,-75.57251,4,False
SEN02,Av. 33,Arteria,2025-03-04 06:00:00,40.0,20.5,Soleado,6.21468,-75.57364,6,False
SEN02,Av. 33,Arteria,2025-03-04 08:00:00,41.0,26.3,Nublado,6.21489,-75.57349,8,False
SEN02,Av. 33,Arteria,2025-03-04 10:00:00,17.0,24.1,Lluvia,6.21487,-75.57268,10,False
SEN02,Av. 33,Arteria,2025-03-04 12:00:00,11.0,24.8,Soleado,6.21356,-75.57311,12,False
SEN02,Av. 33,Arteria,2025-03-04 14:00:00,11.0,24.3,Nublado,6.21383,-75.57417,14,False
SEN02,Av. 33,Arteria,2025-03-04 16:00:00,41.0,23.2,Soleado,6.21464,-75.57383,16,False
SEN02,Av. 33,Arteria,2025-03-04 18:00:00,43.0,23.8,Soleado,6.21483,-75.57354,18,False
SEN02,Av. 33,Arteria,2025-03-04 20:00:00,16.0,27.4,Nublado,6.21364,-75.57368,20,False
SEN02,Av. 33,Arteria,2025-03-04 22:00:00,3.0,21.0,Nublado,6.21496,-75.57323,22,False
SEN02,Av. 33,Arteria,2025-03-05 00:00:00,22.0,23.15884955752212,Lluvia,6.21365,-75.57412,0,False
SEN02,Av. 33,Arteria,2025-03-05 02:00:00,13.0,20.6,Nublado,6.21391,-75.57272,2,False
SEN02,Av. 33,Arteria,2025-03-05 04:00:00,19.0,23.15884955752212,Soleado,6.21386,-75.57355,4,False
SEN02,Av. 33,Arteria,2025-03-05 06:00:00,36.0,23.8,Lluvia,6.21522,-75.57372,6,False
SEN02,Av. 33,Arteria,2025-03-05 08:00:00,34.0,20.3,Soleado,6.21495,-75.57434,8,False
SEN02,Av. 33,Arteria,2025-03-05 10:00:00,15.0,23.4,Lluvia,6.21475,-75.57409,10,False
SEN02,Av. 33,Arteria,2025-03-05 12:00:00,22.0,23.3,Nublado,6.21368,-75.57412,12,False
SEN02,Av. 33,Arteria,2025-03-05 14:00:00,14.0,23.4,Nublado,6.21399,-75.57329,14,False
SEN02,Av. 33,Arteria,2025-03-05 16:00:00,43.0,21.4,Lluvia,6.21453,-75.5734,16,False
SEN02,Av. 33,Arteria,2025-03-05 18:00:00,44.0,25.5,Nublado,6.21524,-75.57335,18,False
SEN02,Av. 33,Arteria,2025-03-05 20:00:00,12.0,19.7,Nublado,6.21502,-75.57269,20,False
SEN02,Av. 33,Arteria,2025-03-05 22:00:00,21.0,26.1,Soleado,6.21435,-75.57289,22,False
SEN02,Av. 33,Arteria,2025-03-06 00:00:00,10.0,22.4,Soleado,6.215,-75.57339,0,False
SEN02,Av. 33,Arteria,2025-03-06 02:00:00,19.0,22.4,Nublado,6.21526,-75.5726,2,False
SEN02,Av. 33,Arteria,2025-03-06 04:00:00,14.0,23.15884955752212,Soleado,6.21372,-75.5735,4,False
SEN02,Av. 33,Arteria,2025-03-06 06:00:00,39.5,23.4,Lluvia,6.21372,-75.57309,6,False
SEN02,Av. 33,Arteria,2025-03-06 08:00:00,38.0,22.4,Soleado,6.21497,-75.57415,8,False
SEN02,Av. 33,Arteria,2025-03-06 10:00:00,11.0,21.4,Soleado,6.21443,-75.57277,10,False
SEN02,Av. 33,Arteria,2025-03-06 12:00:00,11.0,22.5,Lluvia,6.21441,-75.57384,12,False
SEN02,Av. 33,Arteria,2025-03-06 14:00:00,15.0,28.0,Sin dato,6.21446,-75.57376,14,False
SEN02,Av. 33,Arteria,2025-03-06 16:00:00,41.0,18.6,Lluvia,6.21497,-75.57423,16,False
SEN02,Av. 33,Arteria,2025-03-06 18:00:00,36.0,22.4,Nublado,6.21386,-75.57423,18,False
SEN02,Av. 33,Arteria,2025-03-06 20:00:00,19.0,26.1,Nublado,6.21444,-75.57326,20,False
SEN02,Av. 33,Arteria,2025-03-06 22:00:00,4.0,17.7,Soleado,6.21435,-75.57411,22,False
SEN02,Av. 33,Arteria,2025-03-07 00:00:00,12.0,22.4,Nublado,6.21391,-75.574,0,False
SEN02,Av. 33,Arteria,2025-03-07 02:00:00,10.0,25.2,Soleado,6.21443,-75.57376,2,False
SEN02,Av. 33,Arteria,2025-03-07 04:00:00,16.0,21.3,Soleado,6.21434,-75.57436,4,False
SEN02,Av. 33,Arteria,2025-03-07 06:00:00,45.0,22.2,Soleado,6.21407,-75.57328,6,False
SEN02,Av. 33,Arteria,2025-03-07 08:00:00,36.5,16.9,Soleado,6.21527,-75.57265,8,False
SEN02,Av. 33,Arteria,2025-03-07 10:00:00,17.0,23.5,Lluvia,6.21358,-75.57267,10,False
SEN02,Av. 33,Arteria,2025-03-07 12:00:00,0.0,19.9,Nublado,6.21503,-75.57286,12,False
SEN02,Av. 33,Arteria,2025-03-07 14:00:00,25.0,21.0,Nublado,6.21466,-75.57334,14,False
SEN02,Av. 33,Arteria,2025-03-07 16:00:00,43.0,23.15884955752212,Soleado,6.21459,-75.57344,16,False
SEN02,Av. 33,Arteria,2025-03-07 18:00:00,45.0,15.8,Soleado,6.21532,-75.57329,18,False
SEN02,Av. 33,Arteria,2025-03-07 20:00:00,19.0,17.6,Soleado,6.21402,-75.57263,20,False
SEN02,Av. 33,Arteria,2025-03-07 22:00:00,23.0,23.7,Nublado,6.21392,-75.57367,22,False
SEN02,Av. 33,Arteria,2025-03-08 00:00:00,14.0,21.6,Lluvia,6.21439,-75.57299,0,False
SEN02,Av. 33,Arteria,2025-03-08 02:00:00,20.0,18.8,Nublado,6.21453,-75.5724,2,False
SEN02,Av. 33,Arteria,2025-03-08 04:00:00,15.0,28.1,Soleado,6.2139,-75.57243,4,False
SEN02,Av. 33,Arteria,2025-03-08 06:00:00,45.0,21.4,Nublado,6.2155,-75.57355,6,False
SEN02,Av. 33,Arteria,2025-03-08 08:00:00,35.0,25.7,Soleado,6.21416,-75.57365,8,False
SEN02,Av. 33,Arteria,2025-03-08 10:00:00,15.0,22.6,Nublado,6.21382,-75.57341,10,False
SEN02,Av. 33,Arteria,2025-03-08 12:00:00,18.0,27.3,Soleado,6.21509,-75.57296,12,False
SEN02,Av. 33,Arteria,2025-03-08 14:00:00,20.0,21.7,Nublado,6.21547,-75.57422,14,False
SEN02,Av. 33,Arteria,2025-03-08 16:00:00,36.0,21.9,Nublado,6.21423,-75.57421,16,False
SEN02,Av. 33,Arteria,2025-03-08 18:00:00,34.0,22.7,Soleado,6.21439,-75.57296,18,False
SEN02,Av. 33,Arteria,2025-03-08 20:00:00,17.0,24.1,Sin dato,6.21476,-75.57389,20,False
SEN02,Av. 33,Arteria,2025-03-08 22:00:00,11.0,27.2,Soleado,6.21494,-75.57404,22,False
SEN02,Av. 33,Arteria,2025-03-09 00:00:00,26.0,23.8,Soleado,6.21378,-75.57283,0,False
SEN02,Av. 33,Arteria,2025-03-09 02:00:00,24.0,25.3,Sin dato,6.21528,-75.57315,2,False
SEN02,Av. 33,Arteria,2025-03-09 04:00:00,8.0,22.1,Soleado,6.21352,-75.57395,4,False
SEN02,Av. 33,Arteria,2025-03-09 06:00:00,53.0,22.3,Soleado,6.21429,-75.5729,6,False
SEN02,Av. 33,Arteria,2025-03-09 08:00:00,47.0,23.4,Soleado,6.21531,-75.57358,8,False
SEN02,Av. 33,Arteria,2025-03-09 10:00:00,16.0,22.1,Soleado,6.21443,-75.57318,10,False
SEN02,Av. 33,Arteria,2025-03-09 12:00:00,22.0,23.5,Nublado,6.21397,-75.57399,12,False
SEN02,Av. 33,Arteria,2025-03-09 14:00:00,13.0,25.0,Soleado,6.21372,-75.57288,14,False
SEN02,Av. 33,Arteria,2025-03-09 16:00:00,53.0,25.8,Nublado,6.21416,-75.57339,16,False
SEN02,Av. 33,Arteria,2025-03-09 18:00:00,46.0,24.5,Soleado,6.21462,-75.57322,18,False
SEN02,Av. 33,Arteria,2025-03-09 20:00:00,12.0,22.4,Soleado,6.21388,-75.57247,20,False
SEN02,Av. 33,Arteria,2025-03-09 22:00:00,12.0,16.1,Nublado,6.21464,-75.57288,22,False
SEN02,Av. 33,Arteria,2025-03-10 00:00:00,13.0,26.8,Lluvia,6.21402,-75.57394,0,False
SEN02,Av. 33,Arteria,2025-03-10 02:00:00,10.0,23.15884955752212,Nublado,6.21395,-75.57426,2,False
SEN02,Av. 33,Arteria,2025-03-10 04:00:00,20.0,21.7,Nublado,6.21385,-75.57276,4,False
SEN02,Av. 33,Arteria,2025-03-10 06:00:00,39.0,25.8,Soleado,6.21534,-75.57329,6,False
SEN02,Av. 33,Arteria,2025-03-10 08:00:00,26.0,24.7,Nublado,6.21443,-75.57314,8,False
SEN02,Av. 33,Arteria,2025-03-10 10:00:00,17.0,26.3,Nublado,6.21525,-75.57357,10,False
SEN02,Av. 33,Arteria,2025-03-10 12:00:00,20.0,26.3,Soleado,6.21405,-75.57414,12,False
SEN02,Av. 33,Arteria,2025-03-10 14:00:00,28.0,20.4,Lluvia,6.21435,-75.57346,14,False
SEN02,Av. 33,Arteria,2025-03-10 16:00:00,39.0,20.7,Soleado,6.21403,-75.5732,16,False
SEN02,Av. 33,Arteria,2025-03-10 18:00:00,38.0,23.8,Nublado,6.21484,-75.5732,18,False
SEN02,Av. 33,Arteria,2025-03-10 20:00:00,14.5,23.4,Soleado,6.21523,-75.57333,20,False
SEN02,Av. 33,Arteria,2025-03-10 22:00:00,18.0,23.15884955752212,Soleado,6.21384,-75.57324,22,False
SEN02,Av. 33,Arteria,2025-03-11 00:00:00,14.0,20.4,Soleado,6.21365,-75.57359,0,False
SEN02,Av. 33,Arteria,2025-03-11 02:00:00,8.0,22.3,Soleado,6.21367,-75.57294,2,False
SEN02,Av. 33,Arteria,2025-03-11 04:00:00,21.0,24.3,Soleado,6.21426,-75.57371,4,False
SEN02,Av. 33,Arteria,2025-03-11 06:00:00,43.0,20.4,Soleado,6.21549,-75.57377,6,False
SEN02,Av. 33,Arteria,2025-03-11 08:00:00,36.5,21.1,Nublado,6.21474,-75.57365,8,False
SEN02,Av. 33,Arteria,2025-03-11 10:00:00,21.0,24.2,Soleado,6.21424,-75.57362,10,False
SEN02,Av. 33,Arteria,2025-03-11 12:00:00,17.0,22.4,Soleado,6.21437,-75.57403,12,False
SEN02,Av. 33,Arteria,2025-03-11 14:00:00,11.0,22.1,Soleado,6.2136,-75.57426,14,False
SEN02,Av. 33,Arteria,2025-03-11 16:00:00,35.0,20.4,Soleado,6.21354,-75.5729,16,False
SEN02,Av. 33,Arteria,2025-03-11 18:00:00,34.0,19.4,Lluvia,6.21387,-75.57322,18,False
SEN02,Av. 33,Arteria,2025-03-11 20:00:00,8.0,26.5,Lluvia,6.21487,-75.57243,20,False
SEN02,Av. 33,Arteria,2025-03-11 22:00:00,18.0,20.5,Soleado,6.21405,-75.57301,22,False
SEN02,Av. 33,Arteria,2025-03-12 00:00:00,13.0,22.0,Soleado,6.21402,-75.57273,0,False
SEN02,Av. 33,Arteria,2025-03-12 02:00:00,27.0,24.5,Nublado,6.21426,-75.57399,2,False
SEN02,Av. 33,Arteria,2025-03-12 04:00:00,22.0,21.3,Nublado,6.21368,-75.5728,4,False
SEN02,Av. 33,Arteria,2025-03-12 06:00:00,24.0,24.6,Soleado,6.21478,-75.57242,6,False
SEN02,Av. 33,Arteria,2025-03-12 08:00:00,36.5,20.0,Soleado,6.21536,-75.57308,8,False
SEN02,Av. 33,Arteria,2025-03-12 10:00:00,18.0,18.5,Soleado,6.21487,-75.5732,10,False
SEN02,Av. 33,Arteria,2025-03-12 12:00:00,19.0,25.0,Sin dato,6.2148,-75.57267,12,False
SEN02,Av. 33,Arteria,2025-03-12 14:00:00,15.0,21.4,Nublado,6.21419,-75.5725,14,False
SEN02,Av. 33,Arteria,2025-03-12 16:00:00,41.0,21.9,Soleado,6.21365,-75.57248,16,False
SEN02,Av. 33,Arteria,2025-03-12 18:00:00,33.0,23.5,Nublado,6.21528,-75.5726,18,False
SEN02,Av. 33,Arteria,2025-03-12 20:00:00,15.0,21.3,Nublado,6.21443,-75.57396,20,False
SEN02,Av. 33,Arteria,2025-03-12 22:00:00,9.0,24.0,Lluvia,6.215,-75.57421,22,False
SEN02,Av. 33,Arteria,2025-03-13 00:00:00,5.0,23.3,Soleado,6.21436,-75.57368,0,False
SEN02,Av. 33,Arteria,2025-03-13 02:00:00,11.0,18.5,Soleado,6.21366,-75.57334,2,False
SEN02,Av. 33,Arteria,2025-03-13 04:00:00,10.0,22.7,Soleado,6.2155,-75.57371,4,False
SEN02,Av. 33,Arteria,2025-03-13 06:00:00,37.0,23.3,Lluvia,6.21447,-75.57402,6,False
SEN02,Av. 33,Arteria,2025-03-13 08:00:00,37.0,25.8,Soleado,6.21439,-75.57377,8,False
SEN02,Av. 33,Arteria,2025-03-13 10:00:00,3.0,30.5,Soleado,6.21443,-75.57295,10,False
SEN02,Av. 33,Arteria,2025-03-13 12:00:00,20.0,20.3,Soleado,6.21527,-75.57318,12,False
SEN02,Av. 33,Arteria,2025-03-13 14:00:00,15.0,16.1,Soleado,6.21526,-75.57266,14,False
SEN02,Av. 33,Arteria,2025-03-13 16:00:00,42.0,19.2,Soleado,6.2146,-75.57392,16,False
SEN02,Av. 33,Arteria,2025-03-13 18:00:00,34.0,28.4,Nublado,6.21509,-75.57276,18,False
SEN02,Av. 33,Arteria,2025-03-13 20:00:00,15.0,20.8,Soleado,6.21435,-75.5728,20,False
SEN02,Av. 33,Arteria,2025-03-13 22:00:00,16.0,23.15884955752212,Soleado,6.21451,-75.57363,22,False
SEN02,Av. 33,Arteria,2025-03-14 00:00:00,15.0,25.6,Sin dato,6.21507,-75.57402,0,False
SEN02,Av. 33,Arteria,2025-03-14 02:00:00,2.0,24.6,Soleado,6.21544,-75.57335,2,False
SEN02,Av. 33,Arteria,2025-03-14 04:00:00,7.0,19.8,Soleado,6.21355,-75.57416,4,False
SEN02,Av. 33,Arteria,2025-03-14 06:00:00,39.5,25.4,Soleado,6.21372,-75.57307,6,False
SEN02,Av. 33,Arteria,2025-03-14 08:00:00,36.0,20.3,Soleado,6.21516,-75.57419,8,False
SEN02,Av. 33,Arteria,2025-03-14 10:00:00,17.0,22.3,Nublado,6.21455,-75.57353,10,False
SEN02,Av. 33,Arteria,2025-03-14 12:00:00,8.0,23.15884955752212,Nublado,6.21465,-75.57342,12,False
SEN02,Av. 33,Arteria,2025-03-14 14:00:00,5.0,23.7,Soleado,6.21363,-75.57258,14,False
SEN02,Av. 33,Arteria,2025-03-14 16:00:00,35.0,22.4,Soleado,6.21448,-75.57257,16,False
SEN02,Av. 33,Arteria,2025-03-14 18:00:00,42.0,25.8,Soleado,6.21377,-75.5739,18,False
SEN02,Av. 33,Arteria,2025-03-14 20:00:00,14.0,23.15884955752212,Nublado,6.21365,-75.57274,20,False
SEN02,Av. 33,Arteria,2025-03-14 22:00:00,13.0,22.9,Soleado,6.21386,-75.57319,22,False
SEN02,Av. 33,Arteria,2025-03-15 00:00:00,14.0,18.8,Nublado,6.21431,-75.57259,0,False
SEN02,Av. 33,Arteria,2025-03-15 02:00:00,13.0,18.7,Lluvia,6.21383,-75.57417,2,False
SEN02,Av. 33,Arteria,2025-03-15 04:00:00,9.0,23.15884955752212,Soleado,6.21528,-75.57291,4,False
SEN02,Av. 33,Arteria,2025-03-15 06:00:00,50.0,25.2,Soleado,6.21383,-75.57248,6,False
SEN02,Av. 33,Arteria,2025-03-15 08:00:00,35.0,22.9,Sin dato,6.2146,-75.57326,8,False
SEN02,Av. 33,Arteria,2025-03-15 10:00:00,22.0,24.8,Sin dato,6.21492,-75.57426,10,False
SEN02,Av. 33,Arteria,2025-03-15 12:00:00,17.0,19.8,Nublado,6.21539,-75.57245,12,False
SEN02,Av. 33,Arteria,2025-03-15 14:00:00,24.0,28.4,Lluvia,6.21447,-75.57248,14,False
SEN02,Av. 33,Arteria,2025-03-15 16:00:00,32.0,23.15884955752212,Soleado,6.21454,-75.57405,16,False
SEN02,Av. 33,Arteria,2025-03-15 18:00:00,45.0,24.6,Sin dato,6.21485,-75.57252,18,False
SEN02,Av. 33,Arteria,2025-03-15 20:00:00,14.5,24.5,Soleado,6.21478,-75.57367,20,False
SEN02,Av. 33,Arteria,2025-03-15 22:00:00,10.0,23.15884955752212,Soleado,6.21456,-75.57404,22,False
SEN02,Av. 33,Arteria,2025-03-16 00:00:00,5.0,23.2,Sin dato,6.2154,-75.57384,0,False
SEN02,Av. 33,Arteria,2025-03-16 02:00:00,14.0,23.3,Soleado,6.21516,-75.57387,2,False
SEN02,Av. 33,Arteria,2025-03-16 04:00:00,20.0,16.7,Soleado,6.21372,-75.5731,4,False
SEN02,Av. 33,Arteria,2025-03-16 06:00:00,39.0,21.7,Nublado,6.21409,-75.57362,6,False
SEN02,Av. 33,Arteria,2025-03-16 08:00:00,34.0,20.1,Soleado,6.21509,-75.5727,8,False
SEN02,Av. 33,Arteria,2025-03-16 10:00:00,20.0,22.3,Nublado,6.21394,-75.57353,10,False
SEN02,Av. 33,Arteria,2025-03-16 12:00:00,21.0,23.1,Sin dato,6.21483,-75.57321,12,False
SEN02,Av. 33,Arteria,2025-03-16 14:00:00,21.0,23.6,Soleado,6.21479,-75.57262,14,False
SEN02,Av. 33,Arteria,2025-03-16 16:00:00,52.0,27.3,Soleado,6.21383,-75.57277,16,False
SEN02,Av. 33,Arteria,2025-03-16 18:00:00,49.0,21.7,Nublado,6.21401,-75.57281,18,False
SEN02,Av. 33,Arteria,2025-03-16 20:00:00,24.0,21.6,Nublado,6.21467,-75.5738,20,False
SEN02,Av. 33,Arteria,2025-03-16 22:00:00,8.0,24.5,Lluvia,6.21466,-75.57305,22,False
SEN02,Av. 33,Arteria,2025-03-17 00:00:00,17.0,25.0,Nublado,6.21548,-75.57244,0,False
SEN02,Av. 33,Arteria,2025-03-17 02:00:00,0.0,25.6,Soleado,6.21386,-75.57332,2,False
SEN02,Av. 33,Arteria,2025-03-17 04:00:00,13.0,25.9,Nublado,6.21483,-75.57428,4,False
SEN02,Av. 33,Arteria,2025-03-17 06:00:00,38.0,22.1,Soleado,6.21458,-75.57404,6,False
SEN02,Av. 33,Arteria,2025-03-17 08:00:00,38.0,22.8,Nublado,6.21486,-75.57361,8,False
SEN02,Av. 33,Arteria,2025-03-17 10:00:00,18.0,22.4,Lluvia,6.21541,-75.57317,10,False
SEN02,Av. 33,Arteria,2025-03-17 12:00:00,11.0,23.1,Soleado,6.21451,-75.57399,12,False
SEN02,Av. 33,Arteria,2025-03-17 14:00:00,15.0,18.9,Nublado,6.21374,-75.5736,14,False
SEN02,Av. 33,Arteria,2025-03-17 16:00:00,41.0,24.1,Nublado,6.21377,-75.57427,16,False
SEN02,Av. 33,Arteria,2025-03-17 18:00:00,37.0,21.5,Nublado,6.21455,-75.574,18,False
SEN02,Av. 33,Arteria,2025-03-17 20:00:00,6.0,23.15884955752212,Nublado,6.21539,-75.57294,20,False
SEN02,Av. 33,Arteria,2025-03-17 22:00:00,11.0,26.3,Soleado,6.21375,-75.5731,22,False
SEN02,Av. 33,Arteria,2025-03-18 00:00:00,16.0,22.9,Nublado,6.21415,-75.57413,0,False
SEN02,Av. 33,Arteria,2025-03-18 02:00:00,14.0,19.5,Soleado,6.21508,-75.57318,2,False
SEN02,Av. 33,Arteria,2025-03-18 04:00:00,16.0,26.7,Nublado,6.21409,-75.57417,4,False
SEN02,Av. 33,Arteria,2025-03-18 06:00:00,44.0,20.9,Nublado,6.21388,-75.57361,6,False
SEN02,Av. 33,Arteria,2025-03-18 08:00:00,36.5,27.0,Lluvia,6.21455,-75.5728,8,False
SEN02,Av. 33,Arteria,2025-03-18 10:00:00,18.0,20.6,Soleado,6.21468,-75.57302,10,False
SEN02,Av. 33,Arteria,2025-03-18 12:00:00,18.0,30.6,Nublado,6.21385,-75.57335,12,False
SEN02,Av. 33,Arteria,2025-03-18 14:00:00,17.0,19.8,Nublado,6.2153,-75.57249,14,False
SEN02,Av. 33,Arteria,2025-03-18 16:00:00,34.0,21.9,Nublado,6.21492,-75.57332,16,False
SEN02,Av. 33,Arteria,2025-03-18 18:00:00,39.0,23.2,Nublado,6.21516,-75.57366,18,False
SEN02,Av. 33,Arteria,2025-03-18 20:00:00,3.0,24.2,Nublado,6.21525,-75.57422,20,False
SEN02,Av. 33,Arteria,2025-03-18 22:00:00,15.0,22.9,Lluvia,6.21531,-75.57259,22,False
SEN02,Av. 33,Arteria,2025-03-19 00:00:00,14.0,21.4,Soleado,6.21533,-75.57337,0,False
SEN02,Av. 33,Arteria,2025-03-19 02:00:00,23.0,29.6,Sin dato,6.21393,-75.57277,2,False
SEN02,Av. 33,Arteria,2025-03-19 04:00:00,5.0,29.3,Nublado,6.2138,-75.57384,4,False
SEN02,Av. 33,Arteria,2025-03-19 06:00:00,31.0,22.1,Nublado,6.21429,-75.5739,6,False
SEN02,Av. 33,Arteria,2025-03-19 08:00:00,34.0,22.4,Soleado,6.21367,-75.57403,8,False
SEN02,Av. 33,Arteria,2025-03-19 10:00:00,12.0,26.7,Soleado,6.21387,-75.5736,10,False
SEN02,Av. 33,Arteria,2025-03-19 12:00:00,17.0,21.6,Soleado,6.21422,-75.57382,12,False
SEN02,Av. 33,Arteria,2025-03-19 14:00:00,21.0,21.2,Soleado,6.21507,-75.57419,14,False
SEN02,Av. 33,Arteria,2025-03-19 16:00:00,34.0,24.3,Soleado,6.21475,-75.57291,16,False
SEN02,Av. 33,Arteria,2025-03-19 18:00:00,43.0,26.3,Soleado,6.21408,-75.57292,18,False
SEN02,Av. 33,Arteria,2025-03-19 20:00:00,22.0,16.3,Soleado,6.21359,-75.5735,20,False
SEN02,Av. 33,Arteria,2025-03-19 22:00:00,22.0,22.5,Soleado,6.21353,-75.5729,22,False
SEN02,Av. 33,Arteria,2025-03-20 00:00:00,14.0,22.2,Soleado,6.21402,-75.57377,0,False
SEN02,Av. 33,Arteria,2025-03-20 02:00:00,5.0,24.1,Soleado,6.21469,-75.57288,2,False
SEN02,Av. 33,Arteria,2025-03-20 04:00:00,5.0,25.0,Nublado,6.2147,-75.57264,4,False
SEN02,Av. 33,Arteria,2025-03-20 06:00:00,32.0,26.4,Soleado,6.21539,-75.57348,6,False
SEN02,Av. 33,Arteria,2025-03-20 08:00:00,38.0,22.1,Sin dato,6.21479,-75.5739,8,False
SEN02,Av. 33,Arteria,2025-03-20 10:00:00,17.0,24.4,Soleado,6.21461,-75.57382,10,False
SEN02,Av. 33,Arteria,2025-03-20 12:00:00,17.0,26.7,Nublado,6.21368,-75.5743,12,False
SEN02,Av. 33,Arteria,2025-03-20 14:00:00,16.0,23.5,Nublado,6.21409,-75.57323,14,False
SEN02,Av. 33,Arteria,2025-03-20 16:00:00,43.0,25.4,Nublado,6.21466,-75.5736,16,False
SEN02,Av. 33,Arteria,2025-03-20 18:00:00,41.0,23.15884955752212,Lluvia,6.21427,-75.57249,18,False
SEN02,Av. 33,Arteria,2025-03-20 20:00:00,13.0,21.1,Nublado,6.21486,-75.57262,20,False
SEN02,Av. 33,Arteria,2025-03-20 22:00:00,16.0,23.9,Nublado,6.21455,-75.57267,22,False
SEN03,Calle 10,Local,2025-03-01 00:00:00,9.0,21.1,Nublado,6.20881,-75.57023,0,False
SEN03,Calle 10,Local,2025-03-01 02:00:00,14.0,25.0,Nublado,6.21006,-75.57081,2,False
SEN03,Calle 10,Local,2025-03-01 04:00:00,14.0,27.7,Nublado,6.20895,-75.57175,4,False
SEN03,Calle 10,Local,2025-03-01 06:00:00,30.0,25.6,Soleado,6.20982,-75.57084,6,False
SEN03,Calle 10,Local,2025-03-01 08:00:00,35.0,21.1,Sin dato,6.20891,-75.57095,8,False
SEN03,Calle 10,Local,2025-03-01 10:00:00,16.0,22.1,Soleado,6.21006,-75.57053,10,False
SEN03,Calle 10,Local,2025-03-01 12:00:00,9.0,23.2,Nublado,6.20834,-75.57148,12,False
SEN03,Calle 10,Local,2025-03-01 14:00:00,24.0,26.8,Soleado,6.20987,-75.57104,14,False
SEN03,Calle 10,Local,2025-03-01 16:00:00,38.0,23.7,Nublado,6.20978,-75.57134,16,False
SEN03,Calle 10,Local,2025-03-01 18:00:00,35.0,24.5,Sin dato,6.20997,-75.57171,18,False
SEN03,Calle 10,Local,2025-03-01 20:00:00,13.0,19.5,Sin dato,6.20996,-75.57035,20,False
SEN03,Calle 10,Local,2025-03-01 22:00:00,25.0,16.6,Nublado,6.20926,-75.57148,22,False
SEN03,Calle 10,Local,2025-03-02 00:00:00,16.0,22.9,Nublado,6.21027,-75.57134,0,False
SEN03,Calle 10,Local,2025-03-02 02:00:00,11.0,24.7,Nublado,6.20864,-75.5701,2,False
SEN03,Calle 10,Local,2025-03-02 04:00:00,14.0,26.2,Soleado,6.20949,-75.57022,4,False
SEN03,Calle 10,Local,2025-03-02 06:00:00,40.0,21.1,Soleado,6.20951,-75.57109,6,False
SEN03,Calle 10,Local,2025-03-02 08:00:00,45.0,21.8,Soleado,6.20946,-75.57106,8,False
SEN03,Calle 10,Local,2025-03-02 10:00:00,21.0,27.3,Nublado,6.20963,-75.57054,10,False
SEN03,Calle 10,Local,2025-03-02 12:00:00,12.0,21.1,Lluvia,6.20966,-75.57108,12,False
SEN03,Calle 10,Local,2025-03-02 14:00:00,23.0,30.1,Lluvia,6.20935,-75.57189,14,False
SEN03,Calle 10,Local,2025-03-02 16:00:00,37.0,27.6,Soleado,6.20958,-75.57195,16,False
SEN03,Calle 10,Local,2025-03-02 18:00:00,42.0,22.4,Soleado,6.20869,-75.57174,18,False
SEN03,Calle 10,Local,2025-03-02 20:00:00,12.0,20.3,Nublado,6.2092,-75.57042,20,False
SEN03,Calle 10,Local,2025-03-02 22:00:00,15.0,25.3,Lluvia,6.20961,-75.57089,22,False
SEN03,Calle 10,Local,2025-03-03 00:00:00,19.0,28.2,Soleado,6.20848,-75.57032,0,False
SEN03,Calle 10,Local,2025-03-03 02:00:00,22.0,22.4,Nublado,6.20987,-75.57042,2,False
SEN03,Calle 10,Local,2025-03-03 04:00:00,10.0,27.6,Nublado,6.20979,-75.57153,4,False
SEN03,Calle 10,Local,2025-03-03 06:00:00,33.0,25.5,Nublado,6.20883,-75.57084,6,False
SEN03,Calle 10,Local,2025-03-03 08:00:00,30.0,23.1,Soleado,6.20866,-75.57027,8,False
SEN03,Calle 10,Local,2025-03-03 10:00:00,23.0,24.8,Nublado,6.20902,-75.57089,10,False
SEN03,Calle 10,Local,2025-03-03 12:00:00,10.0,27.2,Soleado,6.20868,-75.57192,12,False
SEN03,Calle 10,Local,2025-03-03 14:00:00,9.0,21.9,Soleado,6.21029,-75.57132,14,False
SEN03,Calle 10,Local,2025-03-03 16:00:00,43.0,25.2,Soleado,6.21022,-75.57062,16,False
SEN03,Calle 10,Local,2025-03-03 18:00:00,44.0,21.8,Soleado,6.20833,-75.57039,18,False
SEN03,Calle 10,Local,2025-03-03 20:00:00,14.0,21.2,Soleado,6.20882,-75.57041,20,False
SEN03,Calle 10,Local,2025-03-03 22:00:00,8.0,23.094690265486722,Soleado,6.20945,-75.57058,22,False
SEN03,Calle 10,Local,2025-03-04 00:00:00,15.0,22.7,Nublado,6.21013,-75.5703,0,False
SEN03,Calle 10,Local,2025-03-04 02:00:00,25.0,23.7,Nublado,6.20959,-75.57014,2,False
SEN03,Calle 10,Local,2025-03-04 04:00:00,19.0,22.7,Soleado,6.20832,-75.57054,4,False
SEN03,Calle 10,Local,2025-03-04 06:00:00,40.0,22.3,Nublado,6.20929,-75.57003,6,False
SEN03,Calle 10,Local,2025-03-04 08:00:00,45.0,26.3,Soleado,6.20903,-75.57097,8,False
SEN03,Calle 10,Local,2025-03-04 10:00:00,17.0,27.6,Lluvia,6.20874,-75.57001,10,False
SEN03,Calle 10,Local,2025-03-04 12:00:00,14.5,26.1,Soleado,6.20912,-75.57105,12,False
SEN03,Calle 10,Local,2025-03-04 14:00:00,12.0,19.9,Soleado,6.20992,-75.5718,14,False
SEN03,Calle 10,Local,2025-03-04 16:00:00,45.0,23.094690265486722,Soleado,6.20998,-75.57007,16,False
SEN03,Calle 10,Local,2025-03-04 18:00:00,34.0,24.4,Soleado,6.20939,-75.5708,18,False
SEN03,Calle 10,Local,2025-03-04 20:00:00,14.0,26.0,Soleado,6.20903,-75.57178,20,False
SEN03,Calle 10,Local,2025-03-04 22:00:00,16.0,25.1,Soleado,6.20989,-75.57047,22,False
SEN03,Calle 10,Local,2025-03-05 00:00:00,16.0,25.9,Soleado,6.20974,-75.57004,0,False
SEN03,Calle 10,Local,2025-03-05 02:00:00,18.0,21.9,Soleado,6.20838,-75.57035,2,False
SEN03,Calle 10,Local,2025-03-05 04:00:00,14.0,25.0,Lluvia,6.2085,-75.57094,4,False
SEN03,Calle 10,Local,2025-03-05 06:00:00,38.0,26.4,Nublado,6.20963,-75.57025,6,False
SEN03,Calle 10,Local,2025-03-05 08:00:00,38.0,26.1,Soleado,6.20847,-75.57065,8,False
SEN03,Calle 10,Local,2025-03-05 10:00:00,18.0,26.1,Nublado,6.20916,-75.57096,10,False
SEN03,Calle 10,Local,2025-03-05 12:00:00,20.0,25.6,Soleado,6.20977,-75.57017,12,False
SEN03,Calle 10,Local,2025-03-05 14:00:00,16.0,21.7,Nublado,6.20884,-75.57028,14,False
SEN03,Calle 10,Local,2025-03-05 16:00:00,38.0,23.094690265486722,Lluvia,6.21,-75.57132,16,False
SEN03,Calle 10,Local,2025-03-05 18:00:00,29.0,26.4,Nublado,6.20921,-75.57181,18,False
SEN03,Calle 10,Local,2025-03-05 20:00:00,14.0,26.9,Sin dato,6.20891,-75.57131,20,False
SEN03,Calle 10,Local,2025-03-05 22:00:00,16.0,23.8,Nublado,6.20883,-75.57087,22,False
SEN03,Calle 10,Local,2025-03-06 00:00:00,2.0,19.8,Lluvia,6.21029,-75.5719,0,False
SEN03,Calle 10,Local,2025-03-06 02:00:00,14.5,19.5,Nublado,6.2085,-75.57112,2,False
SEN03,Calle 10,Local,2025-03-06 04:00:00,9.0,25.3,Soleado,6.20843,-75.57044,4,False
SEN03,Calle 10,Local,2025-03-06 06:00:00,32.0,24.7,Sin dato,6.20873,-75.57198,6,False
SEN03,Calle 10,Local,2025-03-06 08:00:00,41.0,22.3,Lluvia,6.21014,-75.57068,8,False
SEN03,Calle 10,Local,2025-03-06 10:00:00,22.0,19.1,Soleado,6.20864,-75.57041,10,False
SEN03,Calle 10,Local,2025-03-06 12:00:00,14.5,20.0,Nublado,6.21022,-75.57142,12,False
SEN03,Calle 10,Local,2025-03-06 14:00:00,11.0,22.8,Lluvia,6.21024,-75.57006,14,False
SEN03,Calle 10,Local,2025-03-06 16:00:00,33.0,23.8,Nublado,6.20998,-75.57008,16,False
SEN03,Calle 10,Local,2025-03-06 18:00:00,29.0,23.3,Lluvia,6.20898,-75.57172,18,False
SEN03,Calle 10,Local,2025-03-06 20:00:00,16.0,26.5,Soleado,6.20846,-75.57157,20,False
SEN03,Calle 10,Local,2025-03-06 22:00:00,1.0,23.094690265486722,Lluvia,6.20933,-75.57083,22,False
SEN03,Calle 10,Local,2025-03-07 00:00:00,21.0,24.4,Soleado,6.20889,-75.57122,0,False
SEN03,Calle 10,Local,2025-03-07 02:00:00,15.0,24.8,Nublado,6.20847,-75.57166,2,False
SEN03,Calle 10,Local,2025-03-07 04:00:00,22.0,23.4,Soleado,6.20895,-75.57136,4,False
SEN03,Calle 10,Local,2025-03-07 06:00:00,47.0,23.6,Soleado,6.20974,-75.57081,6,False
SEN03,Calle 10,Local,2025-03-07 08:00:00,34.0,24.1,Nublado,6.20938,-75.57144,8,False
SEN03,Calle 10,Local,2025-03-07 10:00:00,11.0,18.8,Nublado,6.20913,-75.57136,10,False
SEN03,Calle 10,Local,2025-03-07 12:00:00,19.0,23.094690265486722,Nublado,6.21026,-75.5707,12,False
SEN03,Calle 10,Local,2025-03-07 14:00:00,22.0,18.1,Soleado,6.20863,-75.57131,14,False
SEN03,Calle 10,Local,2025-03-07 16:00:00,41.0,23.0,Soleado,6.20898,-75.57094,16,False
SEN03,Calle 10,Local,2025-03-07 18:00:00,47.0,17.6,Nublado,6.20936,-75.57079,18,False
SEN03,Calle 10,Local,2025-03-07 20:00:00,14.0,21.5,Soleado,6.20951,-75.57196,20,False
SEN03,Calle 10,Local,2025-03-07 22:00:00,10.0,22.9,Nublado,6.20875,-75.57121,22,False
SEN03,Calle 10,Local,2025-03-08 00:00:00,8.0,22.8,Soleado,6.20997,-75.5712,0,False
SEN03,Calle 10,Local,2025-03-08 02:00:00,11.0,19.1,Soleado,6.20863,-75.57067,2,False
SEN03,Calle 10,Local,2025-03-08 04:00:00,22.0,18.2,Lluvia,6.20927,-75.57132,4,False
SEN03,Calle 10,Local,2025-03-08 06:00:00,48.0,19.8,Soleado,6.20938,-75.57149,6,False
SEN03,Calle 10,Local,2025-03-08 08:00:00,42.0,24.2,Lluvia,6.20853,-75.57078,8,False
SEN03,Calle 10,Local,2025-03-08 10:00:00,16.0,25.8,Soleado,6.20836,-75.57185,10,False
SEN03,Calle 10,Local,2025-03-08 12:00:00,19.0,29.1,Soleado,6.20872,-75.57104,12,False
SEN03,Calle 10,Local,2025-03-08 14:00:00,17.0,23.5,Nublado,6.20891,-75.57073,14,False
SEN03,Calle 10,Local,2025-03-08 16:00:00,41.0,23.094690265486722,Soleado,6.20859,-75.57106,16,False
SEN03,Calle 10,Local,2025-03-08 18:00:00,44.0,19.2,Soleado,6.20921,-75.57194,18,False
SEN03,Calle 10,Local,2025-03-08 20:00:00,15.0,16.2,Nublado,6.21005,-75.57029,20,False
SEN03,Calle 10,Local,2025-03-08 22:00:00,16.0,22.7,Soleado,6.20884,-75.57136,22,False
SEN03,Calle 10,Local,2025-03-09 00:00:00,12.0,23.5,Nublado,6.20862,-75.57111,0,False
SEN03,Calle 10,Local,2025-03-09 02:00:00,11.0,22.8,Soleado,6.2086,-75.57183,2,False
SEN03,Calle 10,Local,2025-03-09 04:00:00,12.0,20.9,Nublado,6.20881,-75.57191,4,False
SEN03,Calle 10,Local,2025-03-09 06:00:00,35.0,28.7,Nublado,6.20925,-75.57134,6,False
SEN03,Calle 10,Local,2025-03-09 08:00:00,35.0,23.094690265486722,Soleado,6.20835,-75.57128,8,False
SEN03,Calle 10,Local,2025-03-09 10:00:00,13.0,23.2,Lluvia,6.20868,-75.57089,10,False
SEN03,Calle 10,Local,2025-03-09 12:00:00,15.0,19.8,Nublado,6.2096,-75.57189,12,False
SEN03,Calle 10,Local,2025-03-09 14:00:00,12.0,23.7,Lluvia,6.20922,-75.57111,14,False
SEN03,Calle 10,Local,2025-03-09 16:00:00,31.0,20.7,Soleado,6.20995,-75.57081,16,False
SEN03,Calle 10,Local,2025-03-09 18:00:00,41.0,18.5,Nublado,6.20987,-75.57079,18,False
SEN03,Calle 10,Local,2025-03-09 20:00:00,26.0,25.2,Lluvia,6.20876,-75.57103,20,False
SEN03,Calle 10,Local,2025-03-09 22:00:00,18.0,25.9,Nublado,6.20913,-75.57068,22,False
SEN03,Calle 10,Local,2025-03-10 00:00:00,23.0,22.6,Lluvia,6.2093,-75.57058,0,False
SEN03,Calle 10,Local,2025-03-10 02:00:00,11.0,21.8,Nublado,6.20872,-75.57021,2,False
SEN03,Calle 10,Local,2025-03-10 04:00:00,7.0,24.9,Lluvia,6.20884,-75.57064,4,False
SEN03,Calle 10,Local,2025-03-10 06:00:00,28.0,15.7,Nublado,6.20967,-75.57017,6,False
SEN03,Calle 10,Local,2025-03-10 08:00:00,35.0,20.3,Soleado,6.20942,-75.57068,8,False
SEN03,Calle 10,Local,2025-03-10 10:00:00,17.0,23.4,Soleado,6.20926,-75.57018,10,False
SEN03,Calle 10,Local,2025-03-10 12:00:00,9.0,24.4,Nublado,6.20955,-75.57056,12,False
SEN03,Calle 10,Local,2025-03-10 14:00:00,23.0,22.7,Soleado,6.20941,-75.57186,14,False
SEN03,Calle 10,Local,2025-03-10 16:00:00,45.0,20.0,Soleado,6.20929,-75.57185,16,False
SEN03,Calle 10,Local,2025-03-10 18:00:00,40.0,25.2,Soleado,6.2096,-75.5713,18,False
SEN03,Calle 10,Local,2025-03-10 20:00:00,13.0,24.8,Soleado,6.20925,-75.57146,20,False
SEN03,Calle 10,Local,2025-03-10 22:00:00,16.0,18.1,Nublado,6.20865,-75.57194,22,False
SEN03,Calle 10,Local,2025-03-11 00:00:00,23.0,18.9,Nublado,6.2095,-75.57056,0,False
SEN03,Calle 10,Local,2025-03-11 02:00:00,14.5,23.8,Lluvia,6.20838,-75.57098,2,False
SEN03,Calle 10,Local,2025-03-11 04:00:00,25.0,19.8,Sin dato,6.20939,-75.57158,4,False
SEN03,Calle 10,Local,2025-03-11 06:00:00,40.0,23.094690265486722,Lluvia,6.20868,-75.57086,6,False
SEN03,Calle 10,Local,2025-03-11 08:00:00,35.0,27.6,Lluvia,6.21012,-75.57031,8,False
SEN03,Calle 10,Local,2025-03-11 10:00:00,17.0,21.5,Soleado,6.20983,-75.57036,10,False
SEN03,Calle 10,Local,2025-03-11 12:00:00,12.0,23.094690265486722,Nublado,6.20877,-75.57168,12,False
SEN03,Calle 10,Local,2025-03-11 14:00:00,17.0,16.8,Soleado,6.20915,-75.57037,14,False
SEN03,Calle 10,Local,2025-03-11 16:00:00,40.0,23.8,Soleado,6.20924,-75.57104,16,False
SEN03,Calle 10,Local,2025-03-11 18:00:00,48.0,22.7,Soleado,6.20971,-75.57172,18,False
SEN03,Calle 10,Local,2025-03-11 20:00:00,12.0,21.9,Soleado,6.2091,-75.57039,20,False
SEN03,Calle 10,Local,2025-03-11 22:00:00,9.0,24.0,Lluvia,6.2095,-75.57097,22,False
SEN03,Calle 10,Local,2025-03-12 00:00:00,13.0,25.4,Soleado,6.20927,-75.57115,0,False
SEN03,Calle 10,Local,2025-03-12 02:00:00,10.0,24.9,Soleado,6.21004,-75.57074,2,False
SEN03,Calle 10,Local,2025-03-12 04:00:00,20.0,23.094690265486722,Nublado,6.20863,-75.57041,4,False
SEN03,Calle 10,Local,2025-03-12 06:00:00,41.0,23.094690265486722,Soleado,6.20996,-75.57036,6,False
SEN03,Calle 10,Local,2025-03-12 08:00:00,44.0,23.7,Soleado,6.209,-75.57082,8,False
SEN03,Calle 10,Local,2025-03-12 10:00:00,16.0,25.6,Soleado,6.20876,-75.57188,10,False
SEN03,Calle 10,Local,2025-03-12 12:00:00,20.0,25.3,Sin dato,6.20974,-75.57036,12,False
SEN03,Calle 10,Local,2025-03-12 14:00:00,12.0,22.5,Soleado,6.20909,-75.57196,14,False
SEN03,Calle 10,Local,2025-03-12 16:00:00,47.0,30.4,Nublado,6.2091,-75.57141,16,False
SEN03,Calle 10,Local,2025-03-12 18:00:00,40.0,20.6,Soleado,6.21028,-75.57083,18,False
SEN03,Calle 10,Local,2025-03-12 20:00:00,2.0,16.6,Soleado,6.20975,-75.57101,20,False
SEN03,Calle 10,Local,2025-03-12 22:00:00,17.0,21.6,Soleado,6.20888,-75.57146,22,False
SEN03,Calle 10,Local,2025-03-13 00:00:00,6.0,21.5,Soleado,6.20991,-75.57136,0,False
SEN03,Calle 10,Local,2025-03-13 02:00:00,10.0,31.8,Soleado,6.20962,-75.57113,2,False
SEN03,Calle 10,Local,2025-03-13 04:00:00,12.0,23.4,Lluvia,6.20912,-75.57014,4,False
SEN03,Calle 10,Local,2025-03-13 06:00:00,40.0,14.7,Soleado,6.20948,-75.57057,6,False
SEN03,Calle 10,Local,2025-03-13 08:00:00,33.0,21.7,Soleado,6.21019,-75.572,8,False
SEN03,Calle 10,Local,2025-03-13 10:00:00,17.0,18.8,Lluvia,6.21029,-75.57013,10,False
SEN03,Calle 10,Local,2025-03-13 12:00:00,7.0,24.6,Soleado,6.20964,-75.57066,12,False
SEN03,Calle 10,Local,2025-03-13 14:00:00,7.0,24.0,Soleado,6.20848,-75.57176,14,False
SEN03,Calle 10,Local,2025-03-13 16:00:00,32.0,28.0,Nublado,6.20834,-75.57198,16,False
SEN03,Calle 10,Local,2025-03-13 18:00:00,37.0,24.6,Soleado,6.21004,-75.5718,18,False
SEN03,Calle 10,Local,2025-03-13 20:00:00,12.0,23.3,Sin dato,6.20985,-75.57121,20,False
SEN03,Calle 10,Local,2025-03-13 22:00:00,7.0,21.3,Soleado,6.20889,-75.57172,22,False
SEN03,Calle 10,Local,2025-03-14 00:00:00,19.0,27.1,Nublado,6.20901,-75.57055,0,False
SEN03,Calle 10,Local,2025-03-14 02:00:00,18.0,22.9,Soleado,6.20899,-75.57126,2,False
SEN03,Calle 10,Local,2025-03-14 04:00:00,26.0,19.8,Soleado,6.20843,-75.57069,4,False
SEN03,Calle 10,Local,2025-03-14 06:00:00,37.0,28.0,Soleado,6.20872,-75.57115,6,False
SEN03,Calle 10,Local,2025-03-14 08:00:00,29.0,20.2,Soleado,6.20922,-75.5704,8,False
SEN03,Calle 10,Local,2025-03-14 10:00:00,18.0,24.7,Soleado,6.20938,-75.57161,10,False
SEN03,Calle 10,Local,2025-03-14 12:00:00,14.0,25.6,Nublado,6.21009,-75.57034,12,False
SEN03,Calle 10,Local,2025-03-14 14:00:00,11.0,18.4,Soleado,6.21011,-75.57077,14,False
SEN03,Calle 10,Local,2025-03-14 16:00:00,38.0,21.8,Soleado,6.21005,-75.57029,16,False
SEN03,Calle 10,Local,2025-03-14 18:00:00,31.0,28.1,Sin dato,6.20887,-75.57078,18,False
SEN03,Calle 10,Local,2025-03-14 20:00:00,13.0,22.1,Sin dato,6.20867,-75.57132,20,False
SEN03,Calle 10,Local,2025-03-14 22:00:00,28.0,26.4,Sin dato,6.20943,-75.57122,22,False
SEN03,Calle 10,Local,2025-03-15 00:00:00,11.0,21.4,Soleado,6.2087,-75.57058,0,False
SEN03,Calle 10,Local,2025-03-15 02:00:00,15.0,26.5,Nublado,6.20978,-75.57044,2,False
SEN03,Calle 10,Local,2025-03-15 04:00:00,9.0,26.6,Soleado,6.20865,-75.57046,4,False
SEN03,Calle 10,Local,2025-03-15 06:00:00,43.0,27.4,Soleado,6.20959,-75.57029,6,False
SEN03,Calle 10,Local,2025-03-15 08:00:00,42.0,20.6,Lluvia,6.20855,-75.57016,8,False
SEN03,Calle 10,Local,2025-03-15 10:00:00,23.0,22.5,Soleado,6.20847,-75.57176,10,False
SEN03,Calle 10,Local,2025-03-15 12:00:00,4.0,23.2,Soleado,6.20917,-75.57198,12,False
SEN03,Calle 10,Local,2025-03-15 14:00:00,10.0,26.2,Sin dato,6.20902,-75.57096,14,False
SEN03,Calle 10,Local,2025-03-15 16:00:00,43.0,20.1,Soleado,6.20977,-75.57144,16,False
SEN03,Calle 10,Local,2025-03-15 18:00:00,43.0,25.5,Nublado,6.2098,-75.57125,18,False
SEN03,Calle 10,Local,2025-03-15 20:00:00,20.0,24.6,Soleado,6.20887,-75.57194,20,False
SEN03,Calle 10,Local,2025-03-15 22:00:00,13.0,26.7,Nublado,6.2097,-75.5707,22,False
SEN03,Calle 10,Local,2025-03-16 00:00:00,16.0,25.6,Soleado,6.20872,-75.57187,0,False
SEN03,Calle 10,Local,2025-03-16 02:00:00,13.0,18.6,Nublado,6.20849,-75.57102,2,False
SEN03,Calle 10,Local,2025-03-16 04:00:00,14.0,22.7,Soleado,6.21013,-75.572,4,False
SEN03,Calle 10,Local,2025-03-16 06:00:00,42.0,20.5,Lluvia,6.20939,-75.57145,6,False
SEN03,Calle 10,Local,2025-03-16 08:00:00,24.0,23.6,Lluvia,6.20928,-75.57165,8,False
SEN03,Calle 10,Local,2025-03-16 10:00:00,18.0,20.6,Soleado,6.21026,-75.57017,10,False
SEN03,Calle 10,Local,2025-03-16 12:00:00,16.0,23.6,Nublado,6.20988,-75.57036,12,False
SEN03,Calle 10,Local,2025-03-16 14:00:00,13.0,15.8,Soleado,6.20941,-75.57189,14,False
SEN03,Calle 10,Local,2025-03-16 16:00:00,44.0,24.5,Lluvia,6.20878,-75.57113,16,False
SEN03,Calle 10,Local,2025-03-16 18:00:00,52.0,20.8,Nublado,6.20837,-75.57175,18,False
SEN03,Calle 10,Local,2025-03-16 20:00:00,19.0,19.4,Nublado,6.20986,-75.57055,20,False
SEN03,Calle 10,Local,2025-03-16 22:00:00,14.0,21.3,Soleado,6.20965,-75.57113,22,False
SEN03,Calle 10,Local,2025-03-17 00:00:00,16.0,24.1,Nublado,6.21003,-75.57142,0,False
SEN03,Calle 10,Local,2025-03-17 02:00:00,14.5,14.4,Nublado,6.20979,-75.57109,2,False
SEN03,Calle 10,Local,2025-03-17 04:00:00,10.0,23.7,Lluvia,6.21001,-75.57138,4,False
SEN03,Calle 10,Local,2025-03-17 06:00:00,53.0,23.1,Sin dato,6.20921,-75.57169,6,False
SEN03,Calle 10,Local,2025-03-17 08:00:00,32.0,23.094690265486722,Lluvia,6.20865,-75.57002,8,False
SEN03,Calle 10,Local,2025-03-17 10:00:00,23.0,25.3,Nublado,6.20961,-75.57155,10,False
SEN03,Calle 10,Local,2025-03-17 12:00:00,24.0,20.3,Soleado,6.20877,-75.57024,12,False
SEN03,Calle 10,Local,2025-03-17 14:00:00,12.0,23.5,Soleado,6.21012,-75.57147,14,False
SEN03,Calle 10,Local,2025-03-17 16:00:00,41.0,26.3,Nublado,6.21018,-75.57026,16,False
SEN03,Calle 10,Local,2025-03-17 18:00:00,32.0,18.7,Lluvia,6.20838,-75.57059,18,False
SEN03,Calle 10,Local,2025-03-17 20:00:00,22.0,25.9,Nublado,6.2099,-75.57123,20,False
SEN03,Calle 10,Local,2025-03-17 22:00:00,5.0,23.0,Soleado,6.2088,-75.57197,22,False
SEN03,Calle 10,Local,2025-03-18 00:00:00,18.0,21.4,Soleado,6.20868,-75.57089,0,False
SEN03,Calle 10,Local,2025-03-18 02:00:00,14.5,27.4,Nublado,6.20952,-75.57031,2,False
SEN03,Calle 10,Local,2025-03-18 04:00:00,10.0,28.2,Nublado,6.21024,-75.57097,4,False
SEN03,Calle 10,Local,2025-03-18 06:00:00,40.0,20.1,Soleado,6.20966,-75.57075,6,False
SEN03,Calle 10,Local,2025-03-18 08:00:00,29.0,23.7,Soleado,6.20961,-75.5702,8,False
SEN03,Calle 10,Local,2025-03-18 10:00:00,20.0,23.6,Soleado,6.20977,-75.57125,10,False
SEN03,Calle 10,Local,2025-03-18 12:00:00,9.0,21.3,Nublado,6.20841,-75.57183,12,False
SEN03,Calle 10,Local,2025-03-18 14:00:00,6.0,20.1,Soleado,6.20978,-75.57076,14,False
SEN03,Calle 10,Local,2025-03-18 16:00:00,37.0,25.3,Soleado,6.209,-75.57197,16,False
SEN03,Calle 10,Local,2025-03-18 18:00:00,35.0,22.2,Lluvia,6.20859,-75.57013,18,False
SEN03,Calle 10,Local,2025-03-18 20:00:00,17.0,29.4,Lluvia,6.20949,-75.57054,20,False
SEN03,Calle 10,Local,2025-03-18 22:00:00,18.0,16.6,Soleado,6.20994,-75.57181,22,False
SEN03,Calle 10,Local,2025-03-19 00:00:00,22.0,18.5,Nublado,6.20922,-75.57122,0,False
SEN03,Calle 10,Local,2025-03-19 02:00:00,23.0,20.2,Nublado,6.20923,-75.57045,2,False
SEN03,Calle 10,Local,2025-03-19 04:00:00,15.0,22.3,Lluvia,6.20903,-75.5718,4,False
SEN03,Calle 10,Local,2025-03-19 06:00:00,40.0,25.5,Soleado,6.21024,-75.57,6,False
SEN03,Calle 10,Local,2025-03-19 08:00:00,35.0,20.8,Sin dato,6.20908,-75.57009,8,False
SEN03,Calle 10,Local,2025-03-19 10:00:00,17.0,24.4,Soleado,6.20924,-75.57158,10,False
SEN03,Calle 10,Local,2025-03-19 12:00:00,17.0,26.9,Soleado,6.20912,-75.57197,12,False
SEN03,Calle 10,Local,2025-03-19 14:00:00,4.0,20.7,Soleado,6.20886,-75.57091,14,False
SEN03,Calle 10,Local,2025-03-19 16:00:00,45.0,19.9,Nublado,6.21014,-75.57084,16,False
SEN03,Calle 10,Local,2025-03-19 18:00:00,35.0,24.4,Nublado,6.20859,-75.57149,18,False
SEN03,Calle 10,Local,2025-03-19 20:00:00,17.0,23.3,Soleado,6.20923,-75.57025,20,False
SEN03,Calle 10,Local,2025-03-19 22:00:00,22.0,20.0,Soleado,6.20923,-75.57176,22,False
SEN03,Calle 10,Local,2025-03-20 00:00:00,22.0,20.3,Soleado,6.20967,-75.57033,0,False
SEN03,Calle 10,Local,2025-03-20 02:00:00,17.0,27.0,Soleado,6.20986,-75.57193,2,False
SEN03,Calle 10,Local,2025-03-20 04:00:00,20.0,26.2,Nublado,6.21013,-75.57121,4,False
SEN03,Calle 10,Local,2025-03-20 06:00:00,31.0,23.094690265486722,Soleado,6.20848,-75.57056,6,False
SEN03,Calle 10,Local,2025-03-20 08:00:00,28.0,15.6,Soleado,6.20948,-75.5701,8,False
SEN03,Calle 10,Local,2025-03-20 10:00:00,5.0,21.1,Nublado,6.20938,-75.57195,10,False
SEN03,Calle 10,Local,2025-03-20 12:00:00,16.0,24.9,Nublado,6.20986,-75.57003,12,False
SEN03,Calle 10,Local,2025-03-20 14:00:00,10.0,23.094690265486722,Lluvia,6.21007,-75.57153,14,False
SEN03,Calle 10,Local,2025-03-20 16:00:00,43.0,23.6,Soleado,6.20886,-75.57123,16,False
SEN03,Calle 10,Local,2025-03-20 18:00:00,43.0,25.4,Lluvia,6.20986,-75.57183,18,False
SEN03,Calle 10,Local,2025-03-20 20:00:00,8.0,21.7,Nublado,6.20926,-75.57084,20,False
SEN03,Calle 10,Local,2025-03-20 22:00:00,19.0,24.7,Sin dato,6.2099,-75.57166,22,False
SEN04,Autopista Norte,Troncal,2025-03-01 00:00:00,13.0,28.8,Nublado,6.28576,-75.56487,0,False
SEN04,Autopista Norte,Troncal,2025-03-01 02:00:00,0.0,24.1,Nublado,6.28567,-75.56402,2,False
SEN04,Autopista Norte,Troncal,2025-03-01 04:00:00,13.0,23.7,Nublado,6.28734,-75.5646,4,False
SEN04,Autopista Norte,Troncal,2025-03-01 06:00:00,47.0,23.2,Lluvia,6.28674,-75.56505,6,False
SEN04,Autopista Norte,Troncal,2025-03-01 08:00:00,43.0,26.3,Soleado,6.28641,-75.56501,8,True
SEN04,Autopista Norte,Troncal,2025-03-01 10:00:00,25.0,18.5,Lluvia,6.28641,-75.56501,10,True
SEN04,Autopista Norte,Troncal,2025-03-01 12:00:00,3.0,23.04890829694323,Soleado,6.28641,-75.56501,12,True
SEN04,Autopista Norte,Troncal,2025-03-01 14:00:00,14.0,18.8,Soleado,6.2863,-75.56477,14,False
SEN04,Autopista Norte,Troncal,2025-03-01 16:00:00,33.0,23.1,Nublado,6.28578,-75.56582,16,False
SEN04,Autopista Norte,Troncal,2025-03-01 18:00:00,46.0,26.6,Nublado,6.28641,-75.56501,18,True
SEN04,Autopista Norte,Troncal,2025-03-01 20:00:00,7.0,23.1,Nublado,6.28641,-75.56501,20,True
SEN04,Autopista Norte,Troncal,2025-03-01 22:00:00,18.0,26.7,Lluvia,6.28641,-75.56501,22,True
SEN04,Autopista Norte,Troncal,2025-03-02 00:00:00,20.0,24.7,Soleado,6.28641,-75.56501,0,True
SEN04,Autopista Norte,Troncal,2025-03-02 02:00:00,21.0,23.9,Nublado,6.28628,-75.56517,2,False
SEN04,Autopista Norte,Troncal,2025-03-02 04:00:00,24.0,25.1,Nublado,6.28595,-75.56414,4,False
SEN04,Autopista Norte,Troncal,2025-03-02 06:00:00,36.0,19.6,Soleado,6.28641,-75.56501,6,True
SEN04,Autopista Norte,Troncal,2025-03-02 08:00:00,37.0,27.6,Nublado,6.28643,-75.56403,8,False
SEN04,Autopista Norte,Troncal,2025-03-02 10:00:00,5.0,23.04890829694323,Soleado,6.28717,-75.56439,10,False
SEN04,Autopista Norte,Troncal,2025-03-02 12:00:00,16.0,31.5,Lluvia,6.28641,-75.56501,12,True
SEN04,Autopista Norte,Troncal,2025-03-02 14:00:00,9.0,21.6,Nublado,6.28717,-75.56425,14,False
SEN04,Autopista Norte,Troncal,2025-03-02 16:00:00,38.0,23.4,Nublado,6.28603,-75.56494,16,False
SEN04,Autopista Norte,Troncal,2025-03-02 18:00:00,50.0,29.6,Soleado,6.28609,-75.56496,18,False
SEN04,Autopista Norte,Troncal,2025-03-02 20:00:00,13.0,25.7,Lluvia,6.2856,-75.56412,20,False
SEN04,Autopista Norte,Troncal,2025-03-02 22:00:00,20.0,16.8,Lluvia,6.28641,-75.56501,22,True
SEN04,Autopista Norte,Troncal,2025-03-03 00:00:00,18.0,15.8,Nublado,6.28641,-75.56501,0,True
SEN04,Autopista Norte,Troncal,2025-03-03 02:00:00,15.0,26.9,Soleado,6.28716,-75.56568,2,False
SEN04,Autopista Norte,Troncal,2025-03-03 04:00:00,17.0,24.9,Soleado,6.28592,-75.56553,4,False
SEN04,Autopista Norte,Troncal,2025-03-03 06:00:00,31.0,16.6,Nublado,6.28578,-75.56426,6,False
SEN04,Autopista Norte,Troncal,2025-03-03 08:00:00,36.0,24.3,Soleado,6.28617,-75.56482,8,False
SEN04,Autopista Norte,Troncal,2025-03-03 10:00:00,21.0,30.3,Nublado,6.28617,-75.56549,10,False
SEN04,Autopista Norte,Troncal,2025-03-03 12:00:00,14.0,22.5,Soleado,6.28641,-75.56501,12,True
SEN04,Autopista Norte,Troncal,2025-03-03 14:00:00,19.0,22.1,Sin dato,6.28641,-75.56501,14,True
SEN04,Autopista Norte,Troncal,2025-03-03 16:00:00,46.0,22.2,Soleado,6.28693,-75.56443,16,False
SEN04,Autopista Norte,Troncal,2025-03-03 18:00:00,38.0,20.8,Sin dato,6.28719,-75.56532,18,False
SEN04,Autopista Norte,Troncal,2025-03-03 20:00:00,24.0,24.9,Soleado,6.28641,-75.56501,20,True
SEN04,Autopista Norte,Troncal,2025-03-03 22:00:00,15.0,23.8,Soleado,6.28614,-75.56478,22,False
SEN04,Autopista Norte,Troncal,2025-03-04 00:00:00,14.0,16.8,Soleado,6.28658,-75.56484,0,False
SEN04,Autopista Norte,Troncal,2025-03-04 02:00:00,21.0,25.2,Soleado,6.28641,-75.56501,2,True
SEN04,Autopista Norte,Troncal,2025-03-04 04:00:00,12.0,22.8,Soleado,6.28697,-75.56583,4,False
SEN04,Autopista Norte,Troncal,2025-03-04 06:00:00,42.0,17.9,Nublado,6.28641,-75.56501,6,True
SEN04,Autopista Norte,Troncal,2025-03-04 08:00:00,25.0,23.3,Soleado,6.28726,-75.56426,8,False
SEN04,Autopista Norte,Troncal,2025-03-04 10:00:00,14.0,24.6,Sin dato,6.28641,-75.56501,10,True
SEN04,Autopista Norte,Troncal,2025-03-04 12:00:00,22.0,25.9,Nublado,6.28641,-75.56501,12,True
SEN04,Autopista Norte,Troncal,2025-03-04 14:00:00,13.0,22.3,Soleado,6.28695,-75.56567,14,False
SEN04,Autopista Norte,Troncal,2025-03-04 16:00:00,35.0,22.4,Nublado,6.28641,-75.56501,16,True
SEN04,Autopista Norte,Troncal,2025-03-04 18:00:00,49.0,25.4,Nublado,6.28641,-75.56501,18,True
SEN04,Autopista Norte,Troncal,2025-03-04 20:00:00,18.0,23.0,Nublado,6.28641,-75.56501,20,True
SEN04,Autopista Norte,Troncal,2025-03-04 22:00:00,16.0,24.2,Soleado,6.28592,-75.56476,22,False
SEN04,Autopista Norte,Troncal,2025-03-05 00:00:00,24.0,25.8,Soleado,6.28553,-75.56489,0,False
SEN04,Autopista Norte,Troncal,2025-03-05 02:00:00,15.0,21.4,Lluvia,6.28641,-75.56478,2,False
SEN04,Autopista Norte,Troncal,2025-03-05 04:00:00,10.0,25.3,Soleado,6.28641,-75.56501,4,True
SEN04,Autopista Norte,Troncal,2025-03-05 06:00:00,43.0,26.3,Soleado,6.28589,-75.56406,6,False
SEN04,Autopista Norte,Troncal,2025-03-05 08:00:00,42.0,18.5,Soleado,6.28641,-75.56501,8,True
SEN04,Autopista Norte,Troncal,2025-03-05 10:00:00,15.5,23.0,Nublado,6.28641,-75.56501,10,True
SEN04,Autopista Norte,Troncal,2025-03-05 12:00:00,21.0,22.4,Nublado,6.28641,-75.56501,12,True
SEN04,Autopista Norte,Troncal,2025-03-05 14:00:00,22.0,24.8,Soleado,6.28629,-75.56416,14,False
SEN04,Autopista Norte,Troncal,2025-03-05 16:00:00,51.0,20.9,Soleado,6.28641,-75.56501,16,True
SEN04,Autopista Norte,Troncal,2025-03-05 18:00:00,48.0,23.04890829694323,Soleado,6.28641,-75.56501,18,True
SEN04,Autopista Norte,Troncal,2025-03-05 20:00:00,19.0,25.6,Nublado,6.28612,-75.56571,20,False
SEN04,Autopista Norte,Troncal,2025-03-05 22:00:00,4.0,22.2,Soleado,6.28641,-75.56501,22,True
SEN04,Autopista Norte,Troncal,2025-03-06 00:00:00,13.0,25.4,Soleado,6.28609,-75.56548,0,False
SEN04,Autopista Norte,Troncal,2025-03-06 02:00:00,20.0,22.9,Soleado,6.28715,-75.5645,2,False
SEN04,Autopista Norte,Troncal,2025-03-06 04:00:00,13.0,27.3,Soleado,6.28641,-75.56501,4,True
SEN04,Autopista Norte,Troncal,2025-03-06 06:00:00,40.0,20.7,Soleado,6.28641,-75.56501,6,True
SEN04,Autopista Norte,Troncal,2025-03-06 08:00:00,42.0,22.4,Soleado,6.28722,-75.5645,8,False
SEN04,Autopista Norte,Troncal,2025-03-06 10:00:00,15.0,22.1,Nublado,6.28641,-75.56501,10,True
SEN04,Autopista Norte,Troncal,2025-03-06 12:00:00,10.0,25.5,Nublado,6.28599,-75.56497,12,False
SEN04,Autopista Norte,Troncal,2025-03-06 14:00:00,8.0,24.0,Nublado,6.2869,-75.56483,14,False
SEN04,Autopista Norte,Troncal,2025-03-06 16:00:00,44.0,24.4,Soleado,6.28581,-75.56445,16,False
SEN04,Autopista Norte,Troncal,2025-03-06 18:00:00,49.0,24.5,Nublado,6.28575,-75.56555,18,False
SEN04,Autopista Norte,Troncal,2025-03-06 20:00:00,10.0,25.7,Lluvia,6.28717,-75.56509,20,False
SEN04,Autopista Norte,Troncal,2025-03-06 22:00:00,11.0,22.5,Nublado,6.28641,-75.56501,22,True
SEN04,Autopista Norte,Troncal,2025-03-07 00:00:00,12.0,19.8,Nublado,6.28685,-75.5652,0,False
SEN04,Autopista Norte,Troncal,2025-03-07 02:00:00,13.0,20.7,Lluvia,6.2859,-75.56508,2,False
SEN04,Autopista Norte,Troncal,2025-03-07 04:00:00,19.0,20.8,Nublado,6.28641,-75.56501,4,True
SEN04,Autopista Norte,Troncal,2025-03-07 06:00:00,40.0,27.8,Soleado,6.28723,-75.56406,6,False
SEN04,Autopista Norte,Troncal,2025-03-07 08:00:00,42.0,19.6,Soleado,6.28641,-75.56501,8,True
SEN04,Autopista Norte,Troncal,2025-03-07 10:00:00,18.0,23.3,Soleado,6.28678,-75.56411,10,False
SEN04,Autopista Norte,Troncal,2025-03-07 12:00:00,17.0,25.1,Soleado,6.28671,-75.56551,12,False
SEN04,Autopista Norte,Troncal,2025-03-07 14:00:00,24.0,25.3,Soleado,6.28616,-75.56539,14,False
SEN04,Autopista Norte,Troncal,2025-03-07 16:00:00,49.0,23.2,Nublado,6.28641,-75.56501,16,True
SEN04,Autopista Norte,Troncal,2025-03-07 18:00:00,39.0,17.9,Soleado,6.28641,-75.56501,18,True
SEN04,Autopista Norte,Troncal,2025-03-07 20:00:00,10.0,23.3,Nublado,6.28641,-75.56501,20,True
SEN04,Autopista Norte,Troncal,2025-03-07 22:00:00,16.0,19.8,Soleado,6.28651,-75.56453,22,False
SEN04,Autopista Norte,Troncal,2025-03-08 00:00:00,20.0,23.2,Nublado,6.28641,-75.56501,0,True
SEN04,Autopista Norte,Troncal,2025-03-08 02:00:00,19.0,16.3,Sin dato,6.28563,-75.56446,2,False
SEN04,Autopista Norte,Troncal,2025-03-08 04:00:00,18.0,15.3,Soleado,6.28666,-75.56576,4,False
SEN04,Autopista Norte,Troncal,2025-03-08 06:00:00,42.0,23.04890829694323,Sin dato,6.28641,-75.56501,6,True
SEN04,Autopista Norte,Troncal,2025-03-08 08:00:00,28.0,24.0,Lluvia,6.28641,-75.56501,8,True
SEN04,Autopista Norte,Troncal,2025-03-08 10:00:00,33.0,22.3,Nublado,6.28575,-75.56542,10,False
SEN04,Autopista Norte,Troncal,2025-03-08 12:00:00,8.0,23.4,Nublado,6.28641,-75.56501,12,True
SEN04,Autopista Norte,Troncal,2025-03-08 14:00:00,15.0,19.4,Lluvia,6.28641,-75.56501,14,True
SEN04,Autopista Norte,Troncal,2025-03-08 16:00:00,41.0,23.5,Lluvia,6.28716,-75.56566,16,False
SEN04,Autopista Norte,Troncal,2025-03-08 18:00:00,37.0,21.0,Nublado,6.28641,-75.56501,18,True
SEN04,Autopista Norte,Troncal,2025-03-08 20:00:00,14.0,20.6,Soleado,6.28641,-75.56501,20,True
SEN04,Autopista Norte,Troncal,2025-03-08 22:00:00,19.0,23.6,Nublado,6.28579,-75.56554,22,False
SEN04,Autopista Norte,Troncal,2025-03-09 00:00:00,16.0,21.4,Soleado,6.28555,-75.56404,0,False
SEN04,Autopista Norte,Troncal,2025-03-09 02:00:00,12.0,22.1,Sin dato,6.28669,-75.56479,2,False
SEN04,Autopista Norte,Troncal,2025-03-09 04:00:00,8.0,19.5,Lluvia,6.28706,-75.56533,4,False
SEN04,Autopista Norte,Troncal,2025-03-09 06:00:00,49.0,21.3,Soleado,6.28641,-75.56501,6,True
SEN04,Autopista Norte,Troncal,2025-03-09 08:00:00,33.0,24.3,Nublado,6.28641,-75.56501,8,True
SEN04,Autopista Norte,Troncal,2025-03-09 10:00:00,11.0,23.4,Soleado,6.28648,-75.56591,10,False
SEN04,Autopista Norte,Troncal,2025-03-09 12:00:00,16.0,21.6,Soleado,6.28641,-75.56501,12,True
SEN04,Autopista Norte,Troncal,2025-03-09 14:00:00,11.0,22.6,Soleado,6.28683,-75.56442,14,False
SEN04,Autopista Norte,Troncal,2025-03-09 16:00:00,36.0,27.5,Soleado,6.28641,-75.56501,16,True
SEN04,Autopista Norte,Troncal,2025-03-09 18:00:00,45.0,22.0,Soleado,6.28619,-75.56554,18,False
SEN04,Autopista Norte,Troncal,2025-03-09 20:00:00,13.0,25.3,Soleado,6.28641,-75.56501,20,True
SEN04,Autopista Norte,Troncal,2025-03-09 22:00:00,20.0,23.3,Soleado,6.28641,-75.56501,22,True
SEN04,Autopista Norte,Troncal,2025-03-10 00:00:00,18.0,27.9,Soleado,6.28715,-75.56452,0,False
SEN04,Autopista Norte,Troncal,2025-03-10 02:00:00,21.0,27.1,Nublado,6.28703,-75.56546,2,False
SEN04,Autopista Norte,Troncal,2025-03-10 04:00:00,13.0,22.2,Nublado,6.28641,-75.56501,4,True
SEN04,Autopista Norte,Troncal,2025-03-10 06:00:00,42.0,25.5,Soleado,6.28585,-75.56563,6,False
SEN04,Autopista Norte,Troncal,2025-03-10 08:00:00,44.0,21.8,Soleado,6.28585,-75.56517,8,False
SEN04,Autopista Norte,Troncal,2025-03-10 10:00:00,9.0,21.0,Sin dato,6.28728,-75.56522,10,False
SEN04,Autopista Norte,Troncal,2025-03-10 12:00:00,12.0,24.7,Lluvia,6.28641,-75.56501,12,True
SEN04,Autopista Norte,Troncal,2025-03-10 14:00:00,9.0,27.1,Soleado,6.28641,-75.56501,14,True
SEN04,Autopista Norte,Troncal,2025-03-10 16:00:00,46.0,26.6,Soleado,6.28626,-75.56435,16,False
SEN04,Autopista Norte,Troncal,2025-03-10 18:00:00,33.0,22.3,Soleado,6.28641,-75.56501,18,True
SEN04,Autopista Norte,Troncal,2025-03-10 20:00:00,14.0,22.3,Sin dato,6.28641,-75.56501,20,True
SEN04,Autopista Norte,Troncal,2025-03-10 22:00:00,6.0,22.4,Soleado,6.28641,-75.56501,22,True
SEN04,Autopista Norte,Troncal,2025-03-11 00:00:00,11.0,24.3,Nublado,6.28641,-75.56501,0,True
SEN04,Autopista Norte,Troncal,2025-03-11 02:00:00,15.0,24.8,Soleado,6.28641,-75.56501,2,True
SEN04,Autopista Norte,Troncal,2025-03-11 04:00:00,17.0,23.0,Soleado,6.28641,-75.56501,4,True
SEN04,Autopista Norte,Troncal,2025-03-11 06:00:00,38.0,22.2,Soleado,6.28641,-75.56501,6,True
SEN04,Autopista Norte,Troncal,2025-03-11 08:00:00,42.0,23.0,Soleado,6.28694,-75.56534,8,False
SEN04,Autopista Norte,Troncal,2025-03-11 10:00:00,13.0,27.3,Soleado,6.28641,-75.56501,10,True
SEN04,Autopista Norte,Troncal,2025-03-11 12:00:00,15.0,23.3,Soleado,6.28654,-75.56455,12,False
SEN04,Autopista Norte,Troncal,2025-03-11 14:00:00,9.0,18.4,Lluvia,6.2866,-75.56501,14,False
SEN04,Autopista Norte,Troncal,2025-03-11 16:00:00,36.0,22.6,Lluvia,6.28641,-75.56501,16,True
SEN04,Autopista Norte,Troncal,2025-03-11 18:00:00,34.0,28.2,Nublado,6.28641,-75.56501,18,True
SEN04,Autopista Norte,Troncal,2025-03-11 20:00:00,9.0,26.9,Lluvia,6.28641,-75.56542,20,False
SEN04,Autopista Norte,Troncal,2025-03-11 22:00:00,13.0,22.7,Soleado,6.28641,-75.56501,22,True
SEN04,Autopista Norte,Troncal,2025-03-12 00:00:00,18.0,24.7,Nublado,6.28704,-75.56431,0,False
SEN04,Autopista Norte,Troncal,2025-03-12 02:00:00,14.0,19.8,Soleado,6.28641,-75.56501,2,True
SEN04,Autopista Norte,Troncal,2025-03-12 04:00:00,18.0,22.1,Nublado,6.28594,-75.56434,4,False
SEN04,Autopista Norte,Troncal,2025-03-12 06:00:00,35.0,26.9,Lluvia,6.28591,-75.56573,6,False
SEN04,Autopista Norte,Troncal,2025-03-12 08:00:00,48.0,17.4,Soleado,6.28641,-75.56501,8,True
SEN04,Autopista Norte,Troncal,2025-03-12 10:00:00,19.0,22.8,Nublado,6.28554,-75.56559,10,False
SEN04,Autopista Norte,Troncal,2025-03-12 12:00:00,17.0,22.4,Nublado,6.28641,-75.56501,12,True
SEN04,Autopista Norte,Troncal,2025-03-12 14:00:00,10.0,21.6,Nublado,6.28568,-75.56451,14,False
SEN04,Autopista Norte,Troncal,2025-03-12 16:00:00,41.0,23.04890829694323,Soleado,6.28726,-75.56519,16,False
SEN04,Autopista Norte,Troncal,2025-03-12 18:00:00,43.0,18.1,Nublado,6.28641,-75.56501,18,True
SEN04,Autopista Norte,Troncal,2025-03-12 20:00:00,15.0,26.8,Soleado,6.28717,-75.56498,20,False
SEN04,Autopista Norte,Troncal,2025-03-12 22:00:00,6.0,24.1,Lluvia,6.28641,-75.56501,22,True
SEN04,Autopista Norte,Troncal,2025-03-13 00:00:00,16.0,25.0,Soleado,6.28641,-75.56501,0,True
SEN04,Autopista Norte,Troncal,2025-03-13 02:00:00,15.0,23.1,Soleado,6.28597,-75.56404,2,False
SEN04,Autopista Norte,Troncal,2025-03-13 04:00:00,23.0,25.7,Soleado,6.28641,-75.56501,4,True
SEN04,Autopista Norte,Troncal,2025-03-13 06:00:00,42.0,19.8,Soleado,6.28641,-75.56501,6,True
SEN04,Autopista Norte,Troncal,2025-03-13 08:00:00,31.0,23.2,Soleado,6.28695,-75.56416,8,False
SEN04,Autopista Norte,Troncal,2025-03-13 10:00:00,13.0,24.0,Soleado,6.28641,-75.56501,10,True
SEN04,Autopista Norte,Troncal,2025-03-13 12:00:00,11.0,24.6,Soleado,6.28584,-75.56593,12,False
SEN04,Autopista Norte,Troncal,2025-03-13 14:00:00,11.0,26.3,Soleado,6.28641,-75.56501,14,True
SEN04,Autopista Norte,Troncal,2025-03-13 16:00:00,48.0,21.5,Nublado,6.28675,-75.56456,16,False
SEN04,Autopista Norte,Troncal,2025-03-13 18:00:00,42.0,26.6,Sin dato,6.28641,-75.56501,18,True
SEN04,Autopista Norte,Troncal,2025-03-13 20:00:00,8.0,21.0,Nublado,6.28641,-75.56501,20,True
SEN04,Autopista Norte,Troncal,2025-03-13 22:00:00,21.0,24.7,Soleado,6.28565,-75.56532,22,False
SEN04,Autopista Norte,Troncal,2025-03-14 00:00:00,9.0,22.4,Soleado,6.28559,-75.56582,0,False
SEN04,Autopista Norte,Troncal,2025-03-14 02:00:00,12.0,23.04890829694323,Soleado,6.28623,-75.56427,2,False
SEN04,Autopista Norte,Troncal,2025-03-14 04:00:00,20.0,22.8,Nublado,6.28641,-75.56501,4,True
SEN04,Autopista Norte,Troncal,2025-03-14 06:00:00,42.0,22.8,Soleado,6.28738,-75.56524,6,False
SEN04,Autopista Norte,Troncal,2025-03-14 08:00:00,42.0,24.8,Lluvia,6.28699,-75.56579,8,False
SEN04,Autopista Norte,Troncal,2025-03-14 10:00:00,18.0,23.1,Nublado,6.2868,-75.56536,10,False
SEN04,Autopista Norte,Troncal,2025-03-14 12:00:00,7.0,17.6,Nublado,6.28641,-75.56501,12,True
SEN04,Autopista Norte,Troncal,2025-03-14 14:00:00,9.0,20.9,Soleado,6.28641,-75.56501,14,True
SEN04,Autopista Norte,Troncal,2025-03-14 16:00:00,37.0,26.0,Soleado,6.28581,-75.56462,16,False
SEN04,Autopista Norte,Troncal,2025-03-14 18:00:00,33.0,18.6,Lluvia,6.2872,-75.5655,18,False
SEN04,Autopista Norte,Troncal,2025-03-14 20:00:00,11.0,18.7,Nublado,6.28641,-75.56501,20,True
SEN04,Autopista Norte,Troncal,2025-03-14 22:00:00,10.0,24.3,Nublado,6.28641,-75.56501,22,True
SEN04,Autopista Norte,Troncal,2025-03-15 00:00:00,11.0,22.1,Soleado,6.28641,-75.56501,0,True
SEN04,Autopista Norte,Troncal,2025-03-15 02:00:00,19.0,23.04890829694323,Nublado,6.28739,-75.5649,2,False
SEN04,Autopista Norte,Troncal,2025-03-15 04:00:00,17.0,19.6,Nublado,6.28559,-75.56571,4,False
SEN04,Autopista Norte,Troncal,2025-03-15 06:00:00,41.0,21.2,Soleado,6.28641,-75.56501,6,True
SEN04,Autopista Norte,Troncal,2025-03-15 08:00:00,27.0,23.3,Soleado,6.28641,-75.56501,8,True
SEN04,Autopista Norte,Troncal,2025-03-15 10:00:00,13.0,23.3,Lluvia,6.28641,-75.56501,10,True
SEN04,Autopista Norte,Troncal,2025-03-15 12:00:00,19.0,22.3,Lluvia,6.28659,-75.56513,12,False
SEN04,Autopista Norte,Troncal,2025-03-15 14:00:00,12.5,20.8,Nublado,6.28565,-75.56481,14,False
SEN04,Autopista Norte,Troncal,2025-03-15 16:00:00,41.0,30.1,Nublado,6.28741,-75.56473,16,False
SEN04,Autopista Norte,Troncal,2025-03-15 18:00:00,44.0,17.9,Lluvia,6.28735,-75.56504,18,False
SEN04,Autopista Norte,Troncal,2025-03-15 20:00:00,14.0,24.9,Nublado,6.28641,-75.56501,20,True
SEN04,Autopista Norte,Troncal,2025-03-15 22:00:00,14.0,24.1,Soleado,6.28679,-75.56407,22,False
SEN04,Autopista Norte,Troncal,2025-03-16 00:00:00,14.0,25.4,Nublado,6.28641,-75.56501,0,True
SEN04,Autopista Norte,Troncal,2025-03-16 02:00:00,9.0,25.5,Nublado,6.28641,-75.56501,2,True
SEN04,Autopista Norte,Troncal,2025-03-16 04:00:00,18.0,21.6,Nublado,6.2862,-75.5648,4,False
SEN04,Autopista Norte,Troncal,2025-03-16 06:00:00,43.0,21.6,Soleado,6.28641,-75.56501,6,True
SEN04,Autopista Norte,Troncal,2025-03-16 08:00:00,43.0,18.8,Soleado,6.28666,-75.56549,8,False
SEN04,Autopista Norte,Troncal,2025-03-16 10:00:00,15.5,24.6,Nublado,6.28641,-75.56501,10,True
SEN04,Autopista Norte,Troncal,2025-03-16 12:00:00,4.0,22.4,Sin dato,6.28684,-75.56428,12,False
SEN04,Autopista Norte,Troncal,2025-03-16 14:00:00,18.0,18.6,Lluvia,6.28733,-75.56521,14,False
SEN04,Autopista Norte,Troncal,2025-03-16 16:00:00,38.0,21.5,Soleado,6.28641,-75.56501,16,True
SEN04,Autopista Norte,Troncal,2025-03-16 18:00:00,31.0,27.6,Nublado,6.28641,-75.56501,18,True
SEN04,Autopista Norte,Troncal,2025-03-16 20:00:00,5.0,22.2,Soleado,6.28697,-75.5657,20,False
SEN04,Autopista Norte,Troncal,2025-03-16 22:00:00,26.0,23.04890829694323,Soleado,6.28641,-75.56501,22,True
SEN04,Autopista Norte,Troncal,2025-03-17 00:00:00,21.0,26.3,Nublado,6.2858,-75.56408,0,False
SEN04,Autopista Norte,Troncal,2025-03-17 02:00:00,16.0,18.9,Soleado,6.28641,-75.56501,2,True
SEN04,Autopista Norte,Troncal,2025-03-17 04:00:00,17.0,18.9,Soleado,6.28641,-75.56501,4,True
SEN04,Autopista Norte,Troncal,2025-03-17 06:00:00,43.0,20.6,Soleado,6.28641,-75.56501,6,True
SEN04,Autopista Norte,Troncal,2025-03-17 08:00:00,43.0,23.04890829694323,Lluvia,6.28641,-75.56501,8,True
SEN04,Autopista Norte,Troncal,2025-03-17 10:00:00,6.0,21.3,Nublado,6.28644,-75.56593,10,False
SEN04,Autopista Norte,Troncal,2025-03-17 12:00:00,11.0,22.3,Soleado,6.28712,-75.56599,12,False
SEN04,Autopista Norte,Troncal,2025-03-17 14:00:00,12.0,22.4,Nublado,6.28555,-75.56575,14,False
SEN04,Autopista Norte,Troncal,2025-03-17 16:00:00,36.0,21.4,Soleado,6.28641,-75.56501,16,True
SEN04,Autopista Norte,Troncal,2025-03-17 18:00:00,33.0,24.8,Nublado,6.28624,-75.5649,18,False
SEN04,Autopista Norte,Troncal,2025-03-17 20:00:00,16.0,18.2,Nublado,6.28641,-75.56501,20,True
SEN04,Autopista Norte,Troncal,2025-03-17 22:00:00,18.0,25.1,Nublado,6.28662,-75.56445,22,False
SEN04,Autopista Norte,Troncal,2025-03-18 00:00:00,16.0,19.4,Nublado,6.28607,-75.56584,0,False
SEN04,Autopista Norte,Troncal,2025-03-18 02:00:00,18.0,26.2,Soleado,6.28626,-75.5652,2,False
SEN04,Autopista Norte,Troncal,2025-03-18 04:00:00,17.0,22.9,Nublado,6.28565,-75.56421,4,False
SEN04,Autopista Norte,Troncal,2025-03-18 06:00:00,37.0,28.3,Soleado,6.28656,-75.56593,6,False
SEN04,Autopista Norte,Troncal,2025-03-18 08:00:00,42.0,21.7,Soleado,6.28641,-75.56501,8,True
SEN04,Autopista Norte,Troncal,2025-03-18 10:00:00,23.0,23.5,Nublado,6.28641,-75.56501,10,True
SEN04,Autopista Norte,Troncal,2025-03-18 12:00:00,16.0,22.3,Nublado,6.28729,-75.56563,12,False
SEN04,Autopista Norte,Troncal,2025-03-18 14:00:00,15.0,23.04890829694323,Soleado,6.28641,-75.56501,14,True
SEN04,Autopista Norte,Troncal,2025-03-18 16:00:00,45.0,18.1,Soleado,6.28641,-75.56501,16,True
SEN04,Autopista Norte,Troncal,2025-03-18 18:00:00,33.0,23.4,Soleado,6.28593,-75.56547,18,False
SEN04,Autopista Norte,Troncal,2025-03-18 20:00:00,18.0,19.9,Nublado,6.2867,-75.56417,20,False
SEN04,Autopista Norte,Troncal,2025-03-18 22:00:00,17.0,23.04890829694323,Nublado,6.28641,-75.56501,22,True
SEN04,Autopista Norte,Troncal,2025-03-19 00:00:00,20.0,19.3,Soleado,6.28554,-75.56519,0,False
SEN04,Autopista Norte,Troncal,2025-03-19 02:00:00,10.0,23.4,Soleado,6.28641,-75.56501,2,True
SEN04,Autopista Norte,Troncal,2025-03-19 04:00:00,14.0,26.5,Soleado,6.28639,-75.56571,4,False
SEN04,Autopista Norte,Troncal,2025-03-19 06:00:00,47.0,24.7,Lluvia,6.28603,-75.56508,6,False
SEN04,Autopista Norte,Troncal,2025-03-19 08:00:00,42.0,26.0,Lluvia,6.28641,-75.56501,8,True
SEN04,Autopista Norte,Troncal,2025-03-19 10:00:00,22.0,23.7,Soleado,6.28724,-75.56544,10,False
SEN04,Autopista Norte,Troncal,2025-03-19 12:00:00,15.0,21.6,Soleado,6.28641,-75.56501,12,True
SEN04,Autopista Norte,Troncal,2025-03-19 14:00:00,12.5,23.6,Soleado,6.28641,-75.56501,14,True
SEN04,Autopista Norte,Troncal,2025-03-19 16:00:00,41.0,28.2,Lluvia,6.28613,-75.56552,16,False
SEN04,Autopista Norte,Troncal,2025-03-19 18:00:00,41.0,23.04890829694323,Soleado,6.28641,-75.56501,18,True
SEN04,Autopista Norte,Troncal,2025-03-19 20:00:00,12.0,23.9,Nublado,6.28641,-75.56501,20,True
SEN04,Autopista Norte,Troncal,2025-03-19 22:00:00,10.0,21.6,Nublado,6.28672,-75.56508,22,False
SEN04,Autopista Norte,Troncal,2025-03-20 00:00:00,31.0,20.8,Lluvia,6.28641,-75.56501,0,True
SEN04,Autopista Norte,Troncal,2025-03-20 02:00:00,10.0,23.1,Soleado,6.28641,-75.56501,2,True
SEN04,Autopista Norte,Troncal,2025-03-20 04:00:00,11.0,17.6,Soleado,6.28641,-75.56501,4,True
SEN04,Autopista Norte,Troncal,2025-03-20 06:00:00,42.0,24.8,Lluvia,6.28641,-75.56501,6,True
SEN04,Autopista Norte,Troncal,2025-03-20 08:00:00,39.0,23.8,Lluvia,6.28641,-75.56501,8,True
SEN04,Autopista Norte,Troncal,2025-03-20 10:00:00,16.0,28.7,Lluvia,6.28641,-75.56501,10,True
SEN04,Autopista Norte,Troncal,2025-03-20 12:00:00,16.0,23.4,Nublado,6.28555,-75.56501,12,False
SEN04,Autopista Norte,Troncal,2025-03-20 14:00:00,19.0,23.04890829694323,Nublado,6.28641,-75.56501,14,True
SEN04,Autopista Norte,Troncal,2025-03-20 16:00:00,44.0,22.8,Nublado,6.28641,-75.56501,16,True
SEN04,Autopista Norte,Troncal,2025-03-20 18:00:00,41.0,24.0,Soleado,6.28621,-75.5649,18,False
SEN04,Autopista Norte,Troncal,2025-03-20 20:00:00,12.0,21.1,Nublado,6.28641,-75.56501,20,True
SEN04,Autopista Norte,Troncal,2025-03-20 22:00:00,20.0,23.8,Sin dato,6.28641,-75.56501,22,True
SEN05,Av. Oriental,Arteria,2025-03-01 00:00:00,8.0,21.5,Soleado,6.24641,-75.56564,0,False
SEN05,Av. Oriental,Arteria,2025-03-01 02:00:00,0.0,24.5,Soleado,6.24688,-75.56598,2,False
SEN05,Av. Oriental,Arteria,2025-03-01 04:00:00,16.0,26.3,Nublado,6.24731,-75.56419,4,False
SEN05,Av. Oriental,Arteria,2025-03-01 06:00:00,42.0,20.7,Lluvia,6.24747,-75.56518,6,False
SEN05,Av. Oriental,Arteria,2025-03-01 08:00:00,38.0,30.1,Nublado,6.24676,-75.56525,8,False
SEN05,Av. Oriental,Arteria,2025-03-01 10:00:00,12.0,29.2,Soleado,6.24605,-75.56477,10,False
SEN05,Av. Oriental,Arteria,2025-03-01 12:00:00,19.0,26.4,Lluvia,6.24713,-75.56501,12,False
SEN05,Av. Oriental,Arteria,2025-03-01 14:00:00,16.0,23.7,Soleado,6.24735,-75.56533,14,False
SEN05,Av. Oriental,Arteria,2025-03-01 16:00:00,45.0,24.1,Soleado,6.24739,-75.5658,16,False
SEN05,Av. Oriental,Arteria,2025-03-01 18:00:00,42.0,20.8,Soleado,6.24652,-75.56462,18,False
SEN05,Av. Oriental,Arteria,2025-03-01 20:00:00,12.0,24.2,Nublado,6.24779,-75.56579,20,False
SEN05,Av. Oriental,Arteria,2025-03-01 22:00:00,16.0,21.9,Nublado,6.24749,-75.56432,22,False
SEN05,Av. Oriental,Arteria,2025-03-02 00:00:00,24.0,21.7,Lluvia,6.24781,-75.5655,0,False
SEN05,Av. Oriental,Arteria,2025-03-02 02:00:00,12.0,19.5,Soleado,6.24719,-75.56596,2,False
SEN05,Av. Oriental,Arteria,2025-03-02 04:00:00,22.0,23.243290043290042,Soleado,6.24638,-75.5642,4,False
SEN05,Av. Oriental,Arteria,2025-03-02 06:00:00,42.0,21.4,Lluvia,6.24778,-75.56538,6,False
SEN05,Av. Oriental,Arteria,2025-03-02 08:00:00,39.0,22.7,Nublado,6.24612,-75.56406,8,False
SEN05,Av. Oriental,Arteria,2025-03-02 10:00:00,9.0,24.8,Soleado,6.2462,-75.56415,10,False
SEN05,Av. Oriental,Arteria,2025-03-02 12:00:00,17.0,22.7,Soleado,6.24754,-75.56434,12,False
SEN05,Av. Oriental,Arteria,2025-03-02 14:00:00,19.0,26.5,Lluvia,6.2468,-75.56468,14,False
SEN05,Av. Oriental,Arteria,2025-03-02 16:00:00,44.0,27.6,Nublado,6.24623,-75.5652,16,False
SEN05,Av. Oriental,Arteria,2025-03-02 18:00:00,44.0,25.4,Soleado,6.24668,-75.56549,18,False
SEN05,Av. Oriental,Arteria,2025-03-02 20:00:00,8.0,24.0,Soleado,6.24783,-75.5653,20,False
SEN05,Av. Oriental,Arteria,2025-03-02 22:00:00,8.0,22.3,Soleado,6.24779,-75.56517,22,False
SEN05,Av. Oriental,Arteria,2025-03-03 00:00:00,15.0,24.1,Nublado,6.24759,-75.56421,0,False
SEN05,Av. Oriental,Arteria,2025-03-03 02:00:00,8.0,23.4,Nublado,6.24781,-75.56426,2,False
SEN05,Av. Oriental,Arteria,2025-03-03 04:00:00,12.0,25.3,Nublado,6.24761,-75.56569,4,False
SEN05,Av. Oriental,Arteria,2025-03-03 06:00:00,24.0,23.2,Soleado,6.2467,-75.56425,6,False
SEN05,Av. Oriental,Arteria,2025-03-03 08:00:00,40.0,19.7,Soleado,6.24618,-75.56587,8,False
SEN05,Av. Oriental,Arteria,2025-03-03 10:00:00,8.0,15.8,Nublado,6.24787,-75.56496,10,False
SEN05,Av. Oriental,Arteria,2025-03-03 12:00:00,12.0,24.3,Nublado,6.2464,-75.56574,12,False
SEN05,Av. Oriental,Arteria,2025-03-03 14:00:00,15.5,21.5,Sin dato,6.24717,-75.56466,14,False
SEN05,Av. Oriental,Arteria,2025-03-03 16:00:00,34.0,23.0,Nublado,6.24701,-75.56476,16,False
SEN05,Av. Oriental,Arteria,2025-03-03 18:00:00,39.0,23.8,Nublado,6.24654,-75.56439,18,False
SEN05,Av. Oriental,Arteria,2025-03-03 20:00:00,14.0,23.7,Soleado,6.24659,-75.56543,20,False
SEN05,Av. Oriental,Arteria,2025-03-03 22:00:00,27.0,26.9,Soleado,6.24629,-75.5651,22,False
SEN05,Av. Oriental,Arteria,2025-03-04 00:00:00,12.0,20.8,Lluvia,6.24796,-75.56536,0,False
SEN05,Av. Oriental,Arteria,2025-03-04 02:00:00,16.0,23.9,Nublado,6.24721,-75.56508,2,False
SEN05,Av. Oriental,Arteria,2025-03-04 04:00:00,8.0,23.243290043290042,Nublado,6.24609,-75.56452,4,False
SEN05,Av. Oriental,Arteria,2025-03-04 06:00:00,39.0,19.9,Sin dato,6.2471,-75.56594,6,False
SEN05,Av. Oriental,Arteria,2025-03-04 08:00:00,40.0,24.7,Sin dato,6.24774,-75.56511,8,False
SEN05,Av. Oriental,Arteria,2025-03-04 10:00:00,10.0,23.9,Soleado,6.24772,-75.56437,10,False
SEN05,Av. Oriental,Arteria,2025-03-04 12:00:00,13.0,29.0,Nublado,6.24755,-75.56471,12,False
SEN05,Av. Oriental,Arteria,2025-03-04 14:00:00,11.0,27.0,Lluvia,6.24717,-75.56591,14,False
SEN05,Av. Oriental,Arteria,2025-03-04 16:00:00,46.0,23.243290043290042,Soleado,6.24628,-75.56456,16,False
SEN05,Av. Oriental,Arteria,2025-03-04 18:00:00,42.0,18.7,Nublado,6.24772,-75.56433,18,False
SEN05,Av. Oriental,Arteria,2025-03-04 20:00:00,7.0,23.4,Nublado,6.24747,-75.56593,20,False
SEN05,Av. Oriental,Arteria,2025-03-04 22:00:00,14.0,22.0,Soleado,6.24787,-75.56563,22,False
SEN05,Av. Oriental,Arteria,2025-03-05 00:00:00,10.0,23.8,Soleado,6.24612,-75.56563,0,False
SEN05,Av. Oriental,Arteria,2025-03-05 02:00:00,22.0,24.3,Soleado,6.24717,-75.56409,2,False
SEN05,Av. Oriental,Arteria,2025-03-05 04:00:00,9.0,16.9,Sin dato,6.24679,-75.56582,4,False
SEN05,Av. Oriental,Arteria,2025-03-05 06:00:00,34.0,25.4,Lluvia,6.24617,-75.56402,6,False
SEN05,Av. Oriental,Arteria,2025-03-05 08:00:00,40.0,23.7,Sin dato,6.24655,-75.56405,8,False
SEN05,Av. Oriental,Arteria,2025-03-05 10:00:00,13.0,21.0,Soleado,6.24745,-75.56478,10,False
SEN05,Av. Oriental,Arteria,2025-03-05 12:00:00,13.0,20.3,Nublado,6.24718,-75.564,12,False
SEN05,Av. Oriental,Arteria,2025-03-05 14:00:00,20.0,17.5,Soleado,6.24687,-75.56558,14,False
SEN05,Av. Oriental,Arteria,2025-03-05 16:00:00,39.0,24.5,Sin dato,6.24781,-75.5647,16,False
SEN05,Av. Oriental,Arteria,2025-03-05 18:00:00,42.0,22.4,Sin dato,6.24753,-75.56575,18,False
SEN05,Av. Oriental,Arteria,2025-03-05 20:00:00,18.0,26.2,Soleado,6.24654,-75.5655,20,False
SEN05,Av. Oriental,Arteria,2025-03-05 22:00:00,20.0,21.1,Soleado,6.24696,-75.56441,22,False
SEN05,Av. Oriental,Arteria,2025-03-06 00:00:00,9.0,25.7,Lluvia,6.24649,-75.56512,0,False
SEN05,Av. Oriental,Arteria,2025-03-06 02:00:00,23.0,26.3,Nublado,6.2461,-75.5654,2,False
SEN05,Av. Oriental,Arteria,2025-03-06 04:00:00,12.0,19.7,Soleado,6.24619,-75.56572,4,False
SEN05,Av. Oriental,Arteria,2025-03-06 06:00:00,37.0,23.1,Soleado,6.24654,-75.56566,6,False
SEN05,Av. Oriental,Arteria,2025-03-06 08:00:00,35.0,18.8,Soleado,6.24744,-75.56424,8,False
SEN05,Av. Oriental,Arteria,2025-03-06 10:00:00,20.0,19.4,Soleado,6.24653,-75.56434,10,False
SEN05,Av. Oriental,Arteria,2025-03-06 12:00:00,11.0,27.5,Lluvia,6.2475,-75.56449,12,False
SEN05,Av. Oriental,Arteria,2025-03-06 14:00:00,22.0,23.1,Soleado,6.24698,-75.56466,14,False
SEN05,Av. Oriental,Arteria,2025-03-06 16:00:00,44.0,16.0,Soleado,6.2473,-75.56428,16,False
SEN05,Av. Oriental,Arteria,2025-03-06 18:00:00,40.0,25.2,Lluvia,6.24689,-75.56576,18,False
SEN05,Av. Oriental,Arteria,2025-03-06 20:00:00,30.0,24.5,Nublado,6.24603,-75.56489,20,False
SEN05,Av. Oriental,Arteria,2025-03-06 22:00:00,10.0,23.6,Nublado,6.24711,-75.56427,22,False
SEN05,Av. Oriental,Arteria,2025-03-07 00:00:00,9.0,22.9,Soleado,6.2461,-75.56492,0,False
SEN05,Av. Oriental,Arteria,2025-03-07 02:00:00,13.0,21.4,Lluvia,6.24755,-75.56541,2,False
SEN05,Av. Oriental,Arteria,2025-03-07 04:00:00,5.0,20.4,Soleado,6.24656,-75.56599,4,False
SEN05,Av. Oriental,Arteria,2025-03-07 06:00:00,33.0,27.7,Lluvia,6.2471,-75.56536,6,False
SEN05,Av. Oriental,Arteria,2025-03-07 08:00:00,40.0,24.5,Soleado,6.24728,-75.56509,8,False
SEN05,Av. Oriental,Arteria,2025-03-07 10:00:00,13.0,20.1,Lluvia,6.24677,-75.56452,10,False
SEN05,Av. Oriental,Arteria,2025-03-07 12:00:00,19.0,23.2,Soleado,6.24623,-75.56487,12,False
SEN05,Av. Oriental,Arteria,2025-03-07 14:00:00,15.5,22.8,Soleado,6.24766,-75.56536,14,False
SEN05,Av. Oriental,Arteria,2025-03-07 16:00:00,38.0,26.2,Sin dato,6.24723,-75.56575,16,False
SEN05,Av. Oriental,Arteria,2025-03-07 18:00:00,40.0,21.2,Nublado,6.24695,-75.56402,18,False
SEN05,Av. Oriental,Arteria,2025-03-07 20:00:00,8.0,25.1,Soleado,6.24696,-75.56449,20,False
SEN05,Av. Oriental,Arteria,2025-03-07 22:00:00,6.0,27.6,Soleado,6.24757,-75.56464,22,False
SEN05,Av. Oriental,Arteria,2025-03-08 00:00:00,14.0,25.5,Nublado,6.24773,-75.56459,0,False
SEN05,Av. Oriental,Arteria,2025-03-08 02:00:00,17.0,22.4,Soleado,6.24799,-75.56535,2,False
SEN05,Av. Oriental,Arteria,2025-03-08 04:00:00,3.0,23.3,Nublado,6.24638,-75.5647,4,False
SEN05,Av. Oriental,Arteria,2025-03-08 06:00:00,41.0,23.9,Soleado,6.24783,-75.56594,6,False
SEN05,Av. Oriental,Arteria,2025-03-08 08:00:00,54.0,19.8,Lluvia,6.24643,-75.56457,8,False
SEN05,Av. Oriental,Arteria,2025-03-08 10:00:00,10.0,24.7,Nublado,6.24765,-75.5655,10,False
SEN05,Av. Oriental,Arteria,2025-03-08 12:00:00,17.0,22.1,Soleado,6.24723,-75.5656,12,False
SEN05,Av. Oriental,Arteria,2025-03-08 14:00:00,12.0,18.2,Soleado,6.24764,-75.56527,14,False
SEN05,Av. Oriental,Arteria,2025-03-08 16:00:00,33.0,20.1,Nublado,6.24769,-75.56522,16,False
SEN05,Av. Oriental,Arteria,2025-03-08 18:00:00,39.0,22.6,Soleado,6.24621,-75.5658,18,False
SEN05,Av. Oriental,Arteria,2025-03-08 20:00:00,25.0,19.5,Soleado,6.24773,-75.5648,20,False
SEN05,Av. Oriental,Arteria,2025-03-08 22:00:00,11.5,26.9,Nublado,6.24633,-75.56407,22,False
SEN05,Av. Oriental,Arteria,2025-03-09 00:00:00,14.0,20.9,Soleado,6.24643,-75.564,0,False
SEN05,Av. Oriental,Arteria,2025-03-09 02:00:00,18.0,23.2,Soleado,6.24732,-75.56406,2,False
SEN05,Av. Oriental,Arteria,2025-03-09 04:00:00,19.0,26.3,Nublado,6.24659,-75.56568,4,False
SEN05,Av. Oriental,Arteria,2025-03-09 06:00:00,35.0,19.0,Soleado,6.24792,-75.56436,6,False
SEN05,Av. Oriental,Arteria,2025-03-09 08:00:00,40.0,22.5,Nublado,6.24752,-75.56455,8,False
SEN05,Av. Oriental,Arteria,2025-03-09 10:00:00,15.0,22.0,Soleado,6.24792,-75.56582,10,False
SEN05,Av. Oriental,Arteria,2025-03-09 12:00:00,5.0,22.3,Nublado,6.24695,-75.56521,12,False
SEN05,Av. Oriental,Arteria,2025-03-09 14:00:00,6.0,25.7,Soleado,6.24633,-75.56525,14,False
SEN05,Av. Oriental,Arteria,2025-03-09 16:00:00,51.0,22.1,Lluvia,6.24681,-75.56573,16,False
SEN05,Av. Oriental,Arteria,2025-03-09 18:00:00,37.0,25.0,Soleado,6.24652,-75.56536,18,False
SEN05,Av. Oriental,Arteria,2025-03-09 20:00:00,8.0,22.2,Soleado,6.24621,-75.56507,20,False
SEN05,Av. Oriental,Arteria,2025-03-09 22:00:00,11.5,19.2,Soleado,6.24669,-75.56439,22,False
SEN05,Av. Oriental,Arteria,2025-03-10 00:00:00,13.0,21.1,Nublado,6.24687,-75.56598,0,False
SEN05,Av. Oriental,Arteria,2025-03-10 02:00:00,14.0,20.1,Soleado,6.2469,-75.56448,2,False
SEN05,Av. Oriental,Arteria,2025-03-10 04:00:00,17.0,21.6,Soleado,6.24602,-75.56424,4,False
SEN05,Av. Oriental,Arteria,2025-03-10 06:00:00,39.0,22.2,Soleado,6.24777,-75.56488,6,False
SEN05,Av. Oriental,Arteria,2025-03-10 08:00:00,30.0,25.3,Soleado,6.24692,-75.56574,8,False
SEN05,Av. Oriental,Arteria,2025-03-10 10:00:00,10.0,19.4,Sin dato,6.24709,-75.56512,10,False
SEN05,Av. Oriental,Arteria,2025-03-10 12:00:00,17.0,25.4,Soleado,6.24762,-75.56537,12,False
SEN05,Av. Oriental,Arteria,2025-03-10 14:00:00,17.0,23.243290043290042,Lluvia,6.24691,-75.56428,14,False
SEN05,Av. Oriental,Arteria,2025-03-10 16:00:00,39.0,16.4,Nublado,6.24766,-75.56599,16,False
SEN05,Av. Oriental,Arteria,2025-03-10 18:00:00,41.0,22.0,Nublado,6.24702,-75.56402,18,False
SEN05,Av. Oriental,Arteria,2025-03-10 20:00:00,18.0,24.9,Lluvia,6.24771,-75.56484,20,False
SEN05,Av. Oriental,Arteria,2025-03-10 22:00:00,11.0,21.5,Soleado,6.24796,-75.56409,22,False
SEN05,Av. Oriental,Arteria,2025-03-11 00:00:00,9.0,24.3,Nublado,6.24725,-75.56597,0,False
SEN05,Av. Oriental,Arteria,2025-03-11 02:00:00,13.0,18.2,Soleado,6.24751,-75.56431,2,False
SEN05,Av. Oriental,Arteria,2025-03-11 04:00:00,10.0,23.243290043290042,Soleado,6.24752,-75.56524,4,False
SEN05,Av. Oriental,Arteria,2025-03-11 06:00:00,46.0,19.7,Nublado,6.24672,-75.56564,6,False
SEN05,Av. Oriental,Arteria,2025-03-11 08:00:00,36.0,27.1,Soleado,6.24793,-75.56576,8,False
SEN05,Av. Oriental,Arteria,2025-03-11 10:00:00,13.0,21.7,Nublado,6.24767,-75.56505,10,False
SEN05,Av. Oriental,Arteria,2025-03-11 12:00:00,19.0,22.6,Lluvia,6.24626,-75.56405,12,False
SEN05,Av. Oriental,Arteria,2025-03-11 14:00:00,15.0,29.5,Soleado,6.24787,-75.56588,14,False
SEN05,Av. Oriental,Arteria,2025-03-11 16:00:00,51.0,22.5,Nublado,6.24702,-75.56565,16,False
SEN05,Av. Oriental,Arteria,2025-03-11 18:00:00,27.0,27.4,Soleado,6.24716,-75.56541,18,False
SEN05,Av. Oriental,Arteria,2025-03-11 20:00:00,15.0,26.2,Soleado,6.24636,-75.56517,20,False
SEN05,Av. Oriental,Arteria,2025-03-11 22:00:00,8.0,23.7,Soleado,6.24773,-75.5659,22,False
SEN05,Av. Oriental,Arteria,2025-03-12 00:00:00,19.0,25.4,Soleado,6.24754,-75.56464,0,False
SEN05,Av. Oriental,Arteria,2025-03-12 02:00:00,24.0,23.6,Lluvia,6.24634,-75.56586,2,False
SEN05,Av. Oriental,Arteria,2025-03-12 04:00:00,12.0,19.3,Nublado,6.24642,-75.56436,4,False
SEN05,Av. Oriental,Arteria,2025-03-12 06:00:00,46.0,24.6,Nublado,6.24655,-75.56465,6,False
SEN05,Av. Oriental,Arteria,2025-03-12 08:00:00,38.5,22.9,Nublado,6.24786,-75.56575,8,False
SEN05,Av. Oriental,Arteria,2025-03-12 10:00:00,10.0,24.6,Soleado,6.24739,-75.56595,10,False
SEN05,Av. Oriental,Arteria,2025-03-12 12:00:00,12.0,20.4,Soleado,6.24739,-75.56412,12,False
SEN05,Av. Oriental,Arteria,2025-03-12 14:00:00,19.0,31.9,Lluvia,6.24658,-75.56591,14,False
SEN05,Av. Oriental,Arteria,2025-03-12 16:00:00,39.0,21.2,Soleado,6.2465,-75.56552,16,False
SEN05,Av. Oriental,Arteria,2025-03-12 18:00:00,45.0,21.5,Soleado,6.2479,-75.56548,18,False
SEN05,Av. Oriental,Arteria,2025-03-12 20:00:00,8.0,22.3,Nublado,6.24783,-75.56425,20,False
SEN05,Av. Oriental,Arteria,2025-03-12 22:00:00,11.5,23.6,Soleado,6.24612,-75.56457,22,False
SEN05,Av. Oriental,Arteria,2025-03-13 00:00:00,8.0,22.3,Sin dato,6.24664,-75.56584,0,False
SEN05,Av. Oriental,Arteria,2025-03-13 02:00:00,17.0,25.3,Soleado,6.24655,-75.56478,2,False
SEN05,Av. Oriental,Arteria,2025-03-13 04:00:00,13.0,20.1,Soleado,6.24753,-75.56512,4,False
SEN05,Av. Oriental,Arteria,2025-03-13 06:00:00,27.0,22.0,Nublado,6.24715,-75.56492,6,False
SEN05,Av. Oriental,Arteria,2025-03-13 08:00:00,38.0,24.1,Soleado,6.24712,-75.56421,8,False
SEN05,Av. Oriental,Arteria,2025-03-13 10:00:00,3.0,20.3,Soleado,6.24661,-75.5652,10,False
SEN05,Av. Oriental,Arteria,2025-03-13 12:00:00,21.0,17.1,Soleado,6.24626,-75.56578,12,False
SEN05,Av. Oriental,Arteria,2025-03-13 14:00:00,14.0,21.9,Soleado,6.24701,-75.56581,14,False
SEN05,Av. Oriental,Arteria,2025-03-13 16:00:00,38.0,23.5,Nublado,6.24783,-75.56432,16,False
SEN05,Av. Oriental,Arteria,2025-03-13 18:00:00,39.0,22.2,Sin dato,6.24625,-75.56569,18,False
SEN05,Av. Oriental,Arteria,2025-03-13 20:00:00,14.0,22.5,Nublado,6.24781,-75.5641,20,False
SEN05,Av. Oriental,Arteria,2025-03-13 22:00:00,11.0,23.9,Soleado,6.24673,-75.56569,22,False
SEN05,Av. Oriental,Arteria,2025-03-14 00:00:00,17.0,24.3,Nublado,6.24739,-75.56524,0,False
SEN05,Av. Oriental,Arteria,2025-03-14 02:00:00,5.0,28.2,Soleado,6.2475,-75.56441,2,False
SEN05,Av. Oriental,Arteria,2025-03-14 04:00:00,8.0,25.5,Soleado,6.24758,-75.56557,4,False
SEN05,Av. Oriental,Arteria,2025-03-14 06:00:00,41.0,21.6,Soleado,6.24694,-75.56463,6,False
SEN05,Av. Oriental,Arteria,2025-03-14 08:00:00,34.0,28.1,Soleado,6.24676,-75.56478,8,False
SEN05,Av. Oriental,Arteria,2025-03-14 10:00:00,11.5,19.4,Soleado,6.24702,-75.56543,10,False
SEN05,Av. Oriental,Arteria,2025-03-14 12:00:00,24.0,25.1,Lluvia,6.24614,-75.56538,12,False
SEN05,Av. Oriental,Arteria,2025-03-14 14:00:00,9.0,22.3,Soleado,6.24739,-75.56505,14,False
SEN05,Av. Oriental,Arteria,2025-03-14 16:00:00,32.0,23.243290043290042,Soleado,6.24657,-75.56495,16,False
SEN05,Av. Oriental,Arteria,2025-03-14 18:00:00,40.0,23.1,Soleado,6.24759,-75.56568,18,False
SEN05,Av. Oriental,Arteria,2025-03-14 20:00:00,14.0,22.5,Nublado,6.24777,-75.56554,20,False
SEN05,Av. Oriental,Arteria,2025-03-14 22:00:00,12.0,19.8,Lluvia,6.24674,-75.56485,22,False
SEN05,Av. Oriental,Arteria,2025-03-15 00:00:00,8.0,23.8,Soleado,6.24735,-75.56452,0,False
SEN05,Av. Oriental,Arteria,2025-03-15 02:00:00,14.0,28.5,Nublado,6.24615,-75.5647,2,False
SEN05,Av. Oriental,Arteria,2025-03-15 04:00:00,15.0,21.9,Soleado,6.24701,-75.56488,4,False
SEN05,Av. Oriental,Arteria,2025-03-15 06:00:00,46.0,23.7,Soleado,6.24769,-75.56485,6,False
SEN05,Av. Oriental,Arteria,2025-03-15 08:00:00,36.0,24.3,Soleado,6.24688,-75.56471,8,False
SEN05,Av. Oriental,Arteria,2025-03-15 10:00:00,11.5,22.0,Soleado,6.24655,-75.56412,10,False
SEN05,Av. Oriental,Arteria,2025-03-15 12:00:00,22.0,24.6,Soleado,6.24751,-75.56421,12,False
SEN05,Av. Oriental,Arteria,2025-03-15 14:00:00,16.0,26.1,Sin dato,6.24799,-75.56423,14,False
SEN05,Av. Oriental,Arteria,2025-03-15 16:00:00,39.0,23.1,Soleado,6.24736,-75.56451,16,False
SEN05,Av. Oriental,Arteria,2025-03-15 18:00:00,37.0,17.7,Soleado,6.24712,-75.56598,18,False
SEN05,Av. Oriental,Arteria,2025-03-15 20:00:00,24.0,24.2,Soleado,6.24677,-75.5659,20,False
SEN05,Av. Oriental,Arteria,2025-03-15 22:00:00,14.0,23.243290043290042,Soleado,6.24655,-75.56586,22,False
SEN05,Av. Oriental,Arteria,2025-03-16 00:00:00,20.0,18.7,Lluvia,6.24708,-75.56444,0,False
SEN05,Av. Oriental,Arteria,2025-03-16 02:00:00,14.0,26.6,Soleado,6.24653,-75.56512,2,False
SEN05,Av. Oriental,Arteria,2025-03-16 04:00:00,6.0,26.2,Nublado,6.24728,-75.56438,4,False
SEN05,Av. Oriental,Arteria,2025-03-16 06:00:00,39.0,22.3,Lluvia,6.24677,-75.56403,6,False
SEN05,Av. Oriental,Arteria,2025-03-16 08:00:00,52.0,26.5,Soleado,6.24754,-75.56543,8,False
SEN05,Av. Oriental,Arteria,2025-03-16 10:00:00,11.0,22.4,Lluvia,6.24784,-75.56516,10,False
SEN05,Av. Oriental,Arteria,2025-03-16 12:00:00,17.0,28.5,Soleado,6.24771,-75.56483,12,False
SEN05,Av. Oriental,Arteria,2025-03-16 14:00:00,10.0,19.2,Soleado,6.2478,-75.56529,14,False
SEN05,Av. Oriental,Arteria,2025-03-16 16:00:00,43.0,28.5,Soleado,6.24614,-75.56491,16,False
SEN05,Av. Oriental,Arteria,2025-03-16 18:00:00,43.0,26.5,Nublado,6.24734,-75.56456,18,False
SEN05,Av. Oriental,Arteria,2025-03-16 20:00:00,12.0,23.6,Soleado,6.24689,-75.56568,20,False
SEN05,Av. Oriental,Arteria,2025-03-16 22:00:00,21.0,20.5,Nublado,6.24728,-75.56457,22,False
SEN05,Av. Oriental,Arteria,2025-03-17 00:00:00,18.0,22.2,Nublado,6.24725,-75.56484,0,False
SEN05,Av. Oriental,Arteria,2025-03-17 02:00:00,16.0,24.6,Sin dato,6.24624,-75.56454,2,False
SEN05,Av. Oriental,Arteria,2025-03-17 04:00:00,20.0,25.8,Lluvia,6.24785,-75.56448,4,False
SEN05,Av. Oriental,Arteria,2025-03-17 06:00:00,39.0,26.2,Soleado,6.24737,-75.56436,6,False
SEN05,Av. Oriental,Arteria,2025-03-17 08:00:00,35.0,25.2,Soleado,6.24732,-75.56478,8,False
SEN05,Av. Oriental,Arteria,2025-03-17 10:00:00,18.0,18.7,Nublado,6.24785,-75.56481,10,False
SEN05,Av. Oriental,Arteria,2025-03-17 12:00:00,21.0,24.5,Soleado,6.24669,-75.56446,12,False
SEN05,Av. Oriental,Arteria,2025-03-17 14:00:00,4.0,25.2,Soleado,6.24721,-75.56495,14,False
SEN05,Av. Oriental,Arteria,2025-03-17 16:00:00,35.0,19.5,Lluvia,6.24685,-75.56562,16,False
SEN05,Av. Oriental,Arteria,2025-03-17 18:00:00,43.0,27.9,Soleado,6.24735,-75.56535,18,False
SEN05,Av. Oriental,Arteria,2025-03-17 20:00:00,13.0,20.7,Soleado,6.24777,-75.56507,20,False
SEN05,Av. Oriental,Arteria,2025-03-17 22:00:00,15.0,19.3,Soleado,6.24661,-75.56438,22,False
SEN05,Av. Oriental,Arteria,2025-03-18 00:00:00,11.0,26.2,Soleado,6.24714,-75.56594,0,False
SEN05,Av. Oriental,Arteria,2025-03-18 02:00:00,8.0,21.2,Soleado,6.24713,-75.56522,2,False
SEN05,Av. Oriental,Arteria,2025-03-18 04:00:00,12.0,26.8,Soleado,6.24628,-75.56535,4,False
SEN05,Av. Oriental,Arteria,2025-03-18 06:00:00,39.0,22.7,Soleado,6.24704,-75.56447,6,False
SEN05,Av. Oriental,Arteria,2025-03-18 08:00:00,35.0,23.7,Soleado,6.24647,-75.56449,8,False
SEN05,Av. Oriental,Arteria,2025-03-18 10:00:00,11.0,20.6,Nublado,6.2478,-75.56474,10,False
SEN05,Av. Oriental,Arteria,2025-03-18 12:00:00,6.0,23.0,Soleado,6.24692,-75.56431,12,False
SEN05,Av. Oriental,Arteria,2025-03-18 14:00:00,21.0,27.5,Lluvia,6.24686,-75.56523,14,False
SEN05,Av. Oriental,Arteria,2025-03-18 16:00:00,38.0,25.4,Lluvia,6.24605,-75.56476,16,False
SEN05,Av. Oriental,Arteria,2025-03-18 18:00:00,32.0,17.9,Soleado,6.24642,-75.56468,18,False
SEN05,Av. Oriental,Arteria,2025-03-18 20:00:00,19.0,23.243290043290042,Soleado,6.24623,-75.56443,20,False
SEN05,Av. Oriental,Arteria,2025-03-18 22:00:00,6.0,20.4,Lluvia,6.24755,-75.56515,22,False
SEN05,Av. Oriental,Arteria,2025-03-19 00:00:00,15.0,24.4,Soleado,6.24779,-75.56587,0,False
SEN05,Av. Oriental,Arteria,2025-03-19 02:00:00,19.0,22.5,Soleado,6.24697,-75.565,2,False
SEN05,Av. Oriental,Arteria,2025-03-19 04:00:00,17.0,26.3,Soleado,6.24655,-75.56547,4,False
SEN05,Av. Oriental,Arteria,2025-03-19 06:00:00,31.0,24.8,Sin dato,6.2478,-75.56404,6,False
SEN05,Av. Oriental,Arteria,2025-03-19 08:00:00,45.0,28.7,Nublado,6.24697,-75.56417,8,False
SEN05,Av. Oriental,Arteria,2025-03-19 10:00:00,21.0,23.5,Soleado,6.24698,-75.56582,10,False
SEN05,Av. Oriental,Arteria,2025-03-19 12:00:00,21.0,21.1,Nublado,6.24787,-75.56478,12,False
SEN05,Av. Oriental,Arteria,2025-03-19 14:00:00,9.0,22.5,Lluvia,6.24648,-75.56463,14,False
SEN05,Av. Oriental,Arteria,2025-03-19 16:00:00,31.0,23.243290043290042,Soleado,6.24716,-75.56565,16,False
SEN05,Av. Oriental,Arteria,2025-03-19 18:00:00,40.0,23.4,Nublado,6.24689,-75.56433,18,False
SEN05,Av. Oriental,Arteria,2025-03-19 20:00:00,4.0,22.7,Soleado,6.24787,-75.56593,20,False
SEN05,Av. Oriental,Arteria,2025-03-19 22:00:00,0.0,24.9,Soleado,6.24603,-75.5644,22,False
SEN05,Av. Oriental,Arteria,2025-03-20 00:00:00,11.0,21.4,Nublado,6.24624,-75.56483,0,False
SEN05,Av. Oriental,Arteria,2025-03-20 02:00:00,14.0,26.8,Nublado,6.24781,-75.56433,2,False
SEN05,Av. Oriental,Arteria,2025-03-20 04:00:00,12.0,28.2,Soleado,6.24753,-75.56556,4,False
SEN05,Av. Oriental,Arteria,2025-03-20 06:00:00,48.0,23.243290043290042,Soleado,6.24788,-75.56493,6,False
SEN05,Av. Oriental,Arteria,2025-03-20 08:00:00,41.0,19.8,Sin dato,6.24687,-75.56474,8,False
SEN05,Av. Oriental,Arteria,2025-03-20 10:00:00,17.0,25.0,Nublado,6.24662,-75.56401,10,False
SEN05,Av. Oriental,Arteria,2025-03-20 12:00:00,15.0,25.4,Nublado,6.24698,-75.56509,12,False
SEN05,Av. Oriental,Arteria,2025-03-20 14:00:00,19.0,22.9,Lluvia,6.24718,-75.56505,14,False
SEN05,Av. Oriental,Arteria,2025-03-20 16:00:00,51.0,23.1,Soleado,6.24725,-75.56444,16,False
SEN05,Av. Oriental,Arteria,2025-03-20 18:00:00,35.0,25.7,Nublado,6.24795,-75.56578,18,False
SEN05,Av. Oriental,Arteria,2025-03-20 20:00:00,4.0,23.243290043290042,Soleado,6.24787,-75.56587,20,False
SEN05,Av. Oriental,Arteria,2025-03-20 22:00:00,16.0,27.3,Soleado,6.24738,-75.5658,22,False
SEN06,Circular 4ta,Local,2025-03-01 00:00:00,16.0,22.9,Soleado,6.24479,-75.58536,0,False
SEN06,Circular 4ta,Local,2025-03-01 02:00:00,7.0,21.9,Soleado,6.24522,-75.58403,2,False
SEN06,Circular 4ta,Local,2025-03-01 04:00:00,5.0,20.2,Soleado,6.24476,-75.5857,4,False
SEN06,Circular 4ta,Local,2025-03-01 06:00:00,40.0,23.8,Soleado,6.24468,-75.58521,6,False
SEN06,Circular 4ta,Local,2025-03-01 08:00:00,46.0,19.0,Soleado,6.24505,-75.58506,8,False
SEN06,Circular 4ta,Local,2025-03-01 10:00:00,16.0,25.3,Soleado,6.24421,-75.585,10,False
SEN06,Circular 4ta,Local,2025-03-01 12:00:00,14.0,22.6,Soleado,6.24551,-75.58411,12,False
SEN06,Circular 4ta,Local,2025-03-01 14:00:00,7.0,18.0,Sin dato,6.24499,-75.58503,14,False
SEN06,Circular 4ta,Local,2025-03-01 16:00:00,44.0,23.2,Soleado,6.24579,-75.58528,16,False
SEN06,Circular 4ta,Local,2025-03-01 18:00:00,37.0,24.3,Nublado,6.2455,-75.58405,18,False
SEN06,Circular 4ta,Local,2025-03-01 20:00:00,23.0,23.2,Nublado,6.24526,-75.58436,20,False
SEN06,Circular 4ta,Local,2025-03-01 22:00:00,14.0,23.0,Soleado,6.24521,-75.58444,22,False
SEN06,Circular 4ta,Local,2025-03-02 00:00:00,11.0,24.1,Lluvia,6.24563,-75.58545,0,False
SEN06,Circular 4ta,Local,2025-03-02 02:00:00,17.0,19.6,Soleado,6.24527,-75.58584,2,False
SEN06,Circular 4ta,Local,2025-03-02 04:00:00,25.0,26.4,Sin dato,6.24573,-75.58561,4,False
SEN06,Circular 4ta,Local,2025-03-02 06:00:00,40.0,25.1,Nublado,6.24451,-75.58466,6,False
SEN06,Circular 4ta,Local,2025-03-02 08:00:00,45.0,22.8,Lluvia,6.24455,-75.58568,8,False
SEN06,Circular 4ta,Local,2025-03-02 10:00:00,12.0,20.8,Soleado,6.24471,-75.58411,10,False
SEN06,Circular 4ta,Local,2025-03-02 12:00:00,16.0,20.1,Nublado,6.24414,-75.5848,12,False
SEN06,Circular 4ta,Local,2025-03-02 14:00:00,12.0,17.3,Soleado,6.2458,-75.58522,14,False
SEN06,Circular 4ta,Local,2025-03-02 16:00:00,27.0,23.1,Soleado,6.24503,-75.58488,16,False
SEN06,Circular 4ta,Local,2025-03-02 18:00:00,48.0,22.8,Nublado,6.24531,-75.58483,18,False
SEN06,Circular 4ta,Local,2025-03-02 20:00:00,14.0,24.9,Soleado,6.24421,-75.58532,20,False
SEN06,Circular 4ta,Local,2025-03-02 22:00:00,15.0,22.1,Soleado,6.24597,-75.58509,22,False
SEN06,Circular 4ta,Local,2025-03-03 00:00:00,12.0,23.3,Nublado,6.24577,-75.58461,0,False
SEN06,Circular 4ta,Local,2025-03-03 02:00:00,26.0,19.6,Soleado,6.24539,-75.58554,2,False
SEN06,Circular 4ta,Local,2025-03-03 04:00:00,14.0,27.8,Nublado,6.24402,-75.5848,4,False
SEN06,Circular 4ta,Local,2025-03-03 06:00:00,39.0,17.4,Sin dato,6.24483,-75.58428,6,False
SEN06,Circular 4ta,Local,2025-03-03 08:00:00,34.0,23.007327586206895,Lluvia,6.24526,-75.58597,8,False
SEN06,Circular 4ta,Local,2025-03-03 10:00:00,9.0,18.6,Lluvia,6.24486,-75.58562,10,False
SEN06,Circular 4ta,Local,2025-03-03 12:00:00,16.0,22.5,Soleado,6.24568,-75.58489,12,False
SEN06,Circular 4ta,Local,2025-03-03 14:00:00,12.0,21.2,Lluvia,6.24497,-75.58487,14,False
SEN06,Circular 4ta,Local,2025-03-03 16:00:00,43.0,25.4,Soleado,6.24545,-75.58509,16,False
SEN06,Circular 4ta,Local,2025-03-03 18:00:00,50.0,23.5,Nublado,6.24453,-75.58453,18,False
SEN06,Circular 4ta,Local,2025-03-03 20:00:00,15.0,19.9,Soleado,6.2458,-75.58508,20,False
SEN06,Circular 4ta,Local,2025-03-03 22:00:00,29.0,25.3,Soleado,6.24405,-75.58588,22,False
SEN06,Circular 4ta,Local,2025-03-04 00:00:00,11.0,23.1,Lluvia,6.24526,-75.5843,0,False
SEN06,Circular 4ta,Local,2025-03-04 02:00:00,9.0,25.4,Lluvia,6.24556,-75.58451,2,False
SEN06,Circular 4ta,Local,2025-03-04 04:00:00,4.0,26.7,Nublado,6.24415,-75.58569,4,False
SEN06,Circular 4ta,Local,2025-03-04 06:00:00,38.0,20.9,Nublado,6.24542,-75.58516,6,False
SEN06,Circular 4ta,Local,2025-03-04 08:00:00,41.0,20.2,Nublado,6.24557,-75.58518,8,False
SEN06,Circular 4ta,Local,2025-03-04 10:00:00,19.0,17.2,Sin dato,6.2449,-75.58498,10,False
SEN06,Circular 4ta,Local,2025-03-04 12:00:00,4.0,21.2,Nublado,6.24434,-75.58409,12,False
SEN06,Circular 4ta,Local,2025-03-04 14:00:00,0.0,25.1,Nublado,6.24459,-75.5851,14,False
SEN06,Circular 4ta,Local,2025-03-04 16:00:00,53.0,25.8,Nublado,6.24481,-75.58497,16,False
SEN06,Circular 4ta,Local,2025-03-04 18:00:00,39.0,19.4,Lluvia,6.24414,-75.58402,18,False
SEN06,Circular 4ta,Local,2025-03-04 20:00:00,20.0,23.5,Nublado,6.24523,-75.58479,20,False
SEN06,Circular 4ta,Local,2025-03-04 22:00:00,19.0,21.6,Soleado,6.24485,-75.58554,22,False
SEN06,Circular 4ta,Local,2025-03-05 00:00:00,13.0,21.5,Soleado,6.24553,-75.5847,0,False
SEN06,Circular 4ta,Local,2025-03-05 02:00:00,14.0,24.9,Soleado,6.24452,-75.58536,2,False
SEN06,Circular 4ta,Local,2025-03-05 04:00:00,6.0,17.6,Nublado,6.24557,-75.58457,4,False
SEN06,Circular 4ta,Local,2025-03-05 06:00:00,35.0,19.3,Soleado,6.24561,-75.58599,6,False
SEN06,Circular 4ta,Local,2025-03-05 08:00:00,38.0,21.3,Nublado,6.24448,-75.58498,8,False
SEN06,Circular 4ta,Local,2025-03-05 10:00:00,24.0,19.6,Nublado,6.24535,-75.58469,10,False
SEN06,Circular 4ta,Local,2025-03-05 12:00:00,16.0,20.2,Nublado,6.24511,-75.58511,12,False
SEN06,Circular 4ta,Local,2025-03-05 14:00:00,4.0,21.8,Nublado,6.24546,-75.58566,14,False
SEN06,Circular 4ta,Local,2025-03-05 16:00:00,43.0,25.9,Soleado,6.24411,-75.58455,16,False
SEN06,Circular 4ta,Local,2025-03-05 18:00:00,40.0,21.0,Soleado,6.2443,-75.58517,18,False
SEN06,Circular 4ta,Local,2025-03-05 20:00:00,13.0,22.9,Nublado,6.24595,-75.5843,20,False
SEN06,Circular 4ta,Local,2025-03-05 22:00:00,16.0,24.1,Nublado,6.24423,-75.58448,22,False
SEN06,Circular 4ta,Local,2025-03-06 00:00:00,24.0,23.9,Soleado,6.24564,-75.58405,0,False
SEN06,Circular 4ta,Local,2025-03-06 02:00:00,18.0,19.0,Soleado,6.24473,-75.58414,2,False
SEN06,Circular 4ta,Local,2025-03-06 04:00:00,14.0,18.0,Soleado,6.24445,-75.58472,4,False
SEN06,Circular 4ta,Local,2025-03-06 06:00:00,44.0,25.5,Lluvia,6.24528,-75.58535,6,False
SEN06,Circular 4ta,Local,2025-03-06 08:00:00,42.0,19.5,Sin dato,6.24523,-75.58424,8,False
SEN06,Circular 4ta,Local,2025-03-06 10:00:00,16.0,20.3,Lluvia,6.24582,-75.58522,10,False
SEN06,Circular 4ta,Local,2025-03-06 12:00:00,0.0,22.5,Soleado,6.24439,-75.58501,12,False
SEN06,Circular 4ta,Local,2025-03-06 14:00:00,17.0,22.8,Soleado,6.2442,-75.58448,14,False
SEN06,Circular 4ta,Local,2025-03-06 16:00:00,45.0,24.3,Soleado,6.24521,-75.58576,16,False
SEN06,Circular 4ta,Local,2025-03-06 18:00:00,40.0,27.8,Lluvia,6.2443,-75.58429,18,False
SEN06,Circular 4ta,Local,2025-03-06 20:00:00,17.0,24.8,Nublado,6.24475,-75.58553,20,False
SEN06,Circular 4ta,Local,2025-03-06 22:00:00,16.0,25.4,Nublado,6.2444,-75.58528,22,False
SEN06,Circular 4ta,Local,2025-03-07 00:00:00,9.0,22.1,Nublado,6.24522,-75.58456,0,False
SEN06,Circular 4ta,Local,2025-03-07 02:00:00,20.0,22.0,Lluvia,6.24479,-75.58524,2,False
SEN06,Circular 4ta,Local,2025-03-07 04:00:00,19.0,21.3,Soleado,6.24582,-75.58534,4,False
SEN06,Circular 4ta,Local,2025-03-07 06:00:00,34.0,22.6,Soleado,6.24506,-75.58517,6,False
SEN06,Circular 4ta,Local,2025-03-07 08:00:00,48.0,21.8,Nublado,6.24434,-75.58574,8,False
SEN06,Circular 4ta,Local,2025-03-07 10:00:00,16.0,26.1,Nublado,6.24443,-75.58539,10,False
SEN06,Circular 4ta,Local,2025-03-07 12:00:00,23.0,20.6,Sin dato,6.24464,-75.58468,12,False
SEN06,Circular 4ta,Local,2025-03-07 14:00:00,23.0,23.6,Lluvia,6.24414,-75.58569,14,False
SEN06,Circular 4ta,Local,2025-03-07 16:00:00,34.0,26.8,Lluvia,6.24488,-75.58454,16,False
SEN06,Circular 4ta,Local,2025-03-07 18:00:00,40.0,23.9,Soleado,6.24452,-75.58413,18,False
SEN06,Circular 4ta,Local,2025-03-07 20:00:00,7.0,17.2,Nublado,6.24539,-75.5852,20,False
SEN06,Circular 4ta,Local,2025-03-07 22:00:00,7.0,24.2,Lluvia,6.2444,-75.58458,22,False
SEN06,Circular 4ta,Local,2025-03-08 00:00:00,22.0,21.2,Soleado,6.24507,-75.58517,0,False
SEN06,Circular 4ta,Local,2025-03-08 02:00:00,15.0,20.2,Nublado,6.24581,-75.58544,2,False
SEN06,Circular 4ta,Local,2025-03-08 04:00:00,6.0,21.9,Soleado,6.24409,-75.58467,4,False
SEN06,Circular 4ta,Local,2025-03-08 06:00:00,34.0,29.5,Nublado,6.24538,-75.5848,6,False
SEN06,Circular 4ta,Local,2025-03-08 08:00:00,35.0,23.1,Sin dato,6.24574,-75.58438,8,False
SEN06,Circular 4ta,Local,2025-03-08 10:00:00,3.0,29.1,Soleado,6.24515,-75.58578,10,False
SEN06,Circular 4ta,Local,2025-03-08 12:00:00,16.0,22.4,Soleado,6.2441,-75.58491,12,False
SEN06,Circular 4ta,Local,2025-03-08 14:00:00,23.0,24.6,Soleado,6.24417,-75.58474,14,False
SEN06,Circular 4ta,Local,2025-03-08 16:00:00,37.0,28.1,Soleado,6.24417,-75.58556,16,False
SEN06,Circular 4ta,Local,2025-03-08 18:00:00,43.0,19.8,Lluvia,6.24515,-75.58433,18,False
SEN06,Circular 4ta,Local,2025-03-08 20:00:00,10.0,28.2,Lluvia,6.24475,-75.58452,20,False
SEN06,Circular 4ta,Local,2025-03-08 22:00:00,25.0,24.4,Soleado,6.24434,-75.58582,22,False
SEN06,Circular 4ta,Local,2025-03-09 00:00:00,21.0,24.0,Nublado,6.24572,-75.58553,0,False
SEN06,Circular 4ta,Local,2025-03-09 02:00:00,21.0,25.3,Soleado,6.24514,-75.58497,2,False
SEN06,Circular 4ta,Local,2025-03-09 04:00:00,2.0,21.6,Soleado,6.24536,-75.5852,4,False
SEN06,Circular 4ta,Local,2025-03-09 06:00:00,39.0,21.8,Soleado,6.24446,-75.58499,6,False
SEN06,Circular 4ta,Local,2025-03-09 08:00:00,38.0,27.8,Soleado,6.245,-75.58457,8,False
SEN06,Circular 4ta,Local,2025-03-09 10:00:00,11.0,20.1,Soleado,6.24467,-75.58458,10,False
SEN06,Circular 4ta,Local,2025-03-09 12:00:00,16.0,17.6,Soleado,6.2452,-75.58561,12,False
SEN06,Circular 4ta,Local,2025-03-09 14:00:00,17.0,26.5,Nublado,6.24593,-75.58538,14,False
SEN06,Circular 4ta,Local,2025-03-09 16:00:00,38.0,19.6,Soleado,6.24578,-75.5843,16,False
SEN06,Circular 4ta,Local,2025-03-09 18:00:00,31.0,21.2,Nublado,6.2457,-75.58534,18,False
SEN06,Circular 4ta,Local,2025-03-09 20:00:00,9.0,23.5,Soleado,6.24427,-75.58517,20,False
SEN06,Circular 4ta,Local,2025-03-09 22:00:00,17.0,25.3,Soleado,6.24402,-75.58529,22,False
SEN06,Circular 4ta,Local,2025-03-10 00:00:00,14.0,22.3,Nublado,6.2454,-75.58579,0,False
SEN06,Circular 4ta,Local,2025-03-10 02:00:00,18.0,25.0,Nublado,6.24528,-75.58589,2,False
SEN06,Circular 4ta,Local,2025-03-10 04:00:00,10.0,22.1,Nublado,6.24411,-75.5853,4,False
SEN06,Circular 4ta,Local,2025-03-10 06:00:00,40.0,26.8,Lluvia,6.24473,-75.5855,6,False
SEN06,Circular 4ta,Local,2025-03-10 08:00:00,31.0,20.8,Soleado,6.24594,-75.58533,8,False
SEN06,Circular 4ta,Local,2025-03-10 10:00:00,16.0,18.9,Soleado,6.24505,-75.58482,10,False
SEN06,Circular 4ta,Local,2025-03-10 12:00:00,10.0,26.9,Soleado,6.2448,-75.58595,12,False
SEN06,Circular 4ta,Local,2025-03-10 14:00:00,10.0,24.7,Soleado,6.24487,-75.58498,14,False
SEN06,Circular 4ta,Local,2025-03-10 16:00:00,42.0,26.3,Nublado,6.24593,-75.58475,16,False
SEN06,Circular 4ta,Local,2025-03-10 18:00:00,39.0,23.4,Soleado,6.24508,-75.58456,18,False
SEN06,Circular 4ta,Local,2025-03-10 20:00:00,22.0,26.7,Nublado,6.24466,-75.58478,20,False
SEN06,Circular 4ta,Local,2025-03-10 22:00:00,20.0,26.1,Soleado,6.2446,-75.5846,22,False
SEN06,Circular 4ta,Local,2025-03-11 00:00:00,18.0,23.007327586206895,Nublado,6.24526,-75.58512,0,False
SEN06,Circular 4ta,Local,2025-03-11 02:00:00,14.0,27.9,Nublado,6.24511,-75.58543,2,False
SEN06,Circular 4ta,Local,2025-03-11 04:00:00,13.0,23.007327586206895,Nublado,6.24498,-75.5841,4,False
SEN06,Circular 4ta,Local,2025-03-11 06:00:00,43.0,20.5,Soleado,6.24575,-75.58475,6,False
SEN06,Circular 4ta,Local,2025-03-11 08:00:00,48.0,23.007327586206895,Nublado,6.24572,-75.58447,8,False
SEN06,Circular 4ta,Local,2025-03-11 10:00:00,20.0,20.5,Soleado,6.24417,-75.58556,10,False
SEN06,Circular 4ta,Local,2025-03-11 12:00:00,20.0,16.8,Lluvia,6.24586,-75.58487,12,False
SEN06,Circular 4ta,Local,2025-03-11 14:00:00,20.0,24.7,Soleado,6.24452,-75.58465,14,False
SEN06,Circular 4ta,Local,2025-03-11 16:00:00,48.0,24.8,Nublado,6.24516,-75.58563,16,False
SEN06,Circular 4ta,Local,2025-03-11 18:00:00,40.0,27.0,Nublado,6.24435,-75.58417,18,False
SEN06,Circular 4ta,Local,2025-03-11 20:00:00,26.0,25.3,Soleado,6.24505,-75.58471,20,False
SEN06,Circular 4ta,Local,2025-03-11 22:00:00,16.0,23.3,Sin dato,6.24592,-75.58597,22,False
SEN06,Circular 4ta,Local,2025-03-12 00:00:00,14.0,23.007327586206895,Soleado,6.24538,-75.58554,0,False
SEN06,Circular 4ta,Local,2025-03-12 02:00:00,7.0,23.5,Soleado,6.24486,-75.58532,2,False
SEN06,Circular 4ta,Local,2025-03-12 04:00:00,13.0,23.0,Soleado,6.2459,-75.58419,4,False
SEN06,Circular 4ta,Local,2025-03-12 06:00:00,46.0,20.9,Nublado,6.24587,-75.58503,6,False
SEN06,Circular 4ta,Local,2025-03-12 08:00:00,37.0,23.007327586206895,Nublado,6.24551,-75.58522,8,False
SEN06,Circular 4ta,Local,2025-03-12 10:00:00,17.0,24.0,Nublado,6.24577,-75.58554,10,False
SEN06,Circular 4ta,Local,2025-03-12 12:00:00,17.0,17.5,Nublado,6.24411,-75.58447,12,False
SEN06,Circular 4ta,Local,2025-03-12 14:00:00,24.0,18.4,Lluvia,6.24477,-75.58455,14,False
SEN06,Circular 4ta,Local,2025-03-12 16:00:00,39.0,24.5,Soleado,6.24416,-75.58554,16,False
SEN06,Circular 4ta,Local,2025-03-12 18:00:00,44.0,18.9,Soleado,6.246,-75.5857,18,False
SEN06,Circular 4ta,Local,2025-03-12 20:00:00,17.0,24.3,Lluvia,6.24412,-75.58485,20,False
SEN06,Circular 4ta,Local,2025-03-12 22:00:00,15.0,28.5,Nublado,6.24539,-75.58457,22,False
SEN06,Circular 4ta,Local,2025-03-13 00:00:00,18.0,22.7,Lluvia,6.24585,-75.58547,0,False
SEN06,Circular 4ta,Local,2025-03-13 02:00:00,5.0,22.5,Soleado,6.24574,-75.58572,2,False
SEN06,Circular 4ta,Local,2025-03-13 04:00:00,13.0,24.2,Nublado,6.24422,-75.5857,4,False
SEN06,Circular 4ta,Local,2025-03-13 06:00:00,43.0,21.2,Lluvia,6.24521,-75.58567,6,False
SEN06,Circular 4ta,Local,2025-03-13 08:00:00,45.0,25.7,Nublado,6.24466,-75.58577,8,False
SEN06,Circular 4ta,Local,2025-03-13 10:00:00,14.0,22.1,Soleado,6.24512,-75.58526,10,False
SEN06,Circular 4ta,Local,2025-03-13 12:00:00,16.0,25.5,Nublado,6.24404,-75.58537,12,False
SEN06,Circular 4ta,Local,2025-03-13 14:00:00,6.0,25.3,Soleado,6.24452,-75.58559,14,False
SEN06,Circular 4ta,Local,2025-03-13 16:00:00,45.0,25.3,Soleado,6.24471,-75.58555,16,False
SEN06,Circular 4ta,Local,2025-03-13 18:00:00,39.0,23.1,Soleado,6.24411,-75.58483,18,False
SEN06,Circular 4ta,Local,2025-03-13 20:00:00,24.0,24.2,Sin dato,6.2458,-75.58598,20,False
SEN06,Circular 4ta,Local,2025-03-13 22:00:00,13.0,19.4,Lluvia,6.24538,-75.5853,22,False
SEN06,Circular 4ta,Local,2025-03-14 00:00:00,17.0,19.8,Nublado,6.24435,-75.58428,0,False
SEN06,Circular 4ta,Local,2025-03-14 02:00:00,7.0,23.007327586206895,Lluvia,6.24547,-75.58518,2,False
SEN06,Circular 4ta,Local,2025-03-14 04:00:00,20.0,21.4,Soleado,6.24588,-75.58524,4,False
SEN06,Circular 4ta,Local,2025-03-14 06:00:00,42.0,29.8,Soleado,6.2445,-75.58584,6,False
SEN06,Circular 4ta,Local,2025-03-14 08:00:00,33.0,19.9,Soleado,6.24505,-75.58464,8,False
SEN06,Circular 4ta,Local,2025-03-14 10:00:00,14.0,25.9,Soleado,6.24535,-75.58473,10,False
SEN06,Circular 4ta,Local,2025-03-14 12:00:00,24.0,24.4,Soleado,6.24465,-75.58474,12,False
SEN06,Circular 4ta,Local,2025-03-14 14:00:00,12.0,21.6,Lluvia,6.24476,-75.58589,14,False
SEN06,Circular 4ta,Local,2025-03-14 16:00:00,47.0,21.2,Soleado,6.24439,-75.58554,16,False
SEN06,Circular 4ta,Local,2025-03-14 18:00:00,41.0,23.5,Soleado,6.24573,-75.58549,18,False
SEN06,Circular 4ta,Local,2025-03-14 20:00:00,20.0,23.0,Lluvia,6.24575,-75.58464,20,False
SEN06,Circular 4ta,Local,2025-03-14 22:00:00,17.0,27.3,Lluvia,6.24467,-75.58455,22,False
SEN06,Circular 4ta,Local,2025-03-15 00:00:00,8.0,26.1,Sin dato,6.24438,-75.58474,0,False
SEN06,Circular 4ta,Local,2025-03-15 02:00:00,9.0,23.8,Nublado,6.24543,-75.58561,2,False
SEN06,Circular 4ta,Local,2025-03-15 04:00:00,8.0,24.7,Soleado,6.24545,-75.58518,4,False
SEN06,Circular 4ta,Local,2025-03-15 06:00:00,38.0,31.7,Sin dato,6.24443,-75.58585,6,False
SEN06,Circular 4ta,Local,2025-03-15 08:00:00,36.0,28.4,Soleado,6.24475,-75.58517,8,False
SEN06,Circular 4ta,Local,2025-03-15 10:00:00,19.0,23.007327586206895,Sin dato,6.24439,-75.58592,10,False
SEN06,Circular 4ta,Local,2025-03-15 12:00:00,20.0,28.2,Nublado,6.24513,-75.58449,12,False
SEN06,Circular 4ta,Local,2025-03-15 14:00:00,12.0,21.6,Soleado,6.24483,-75.58508,14,False
SEN06,Circular 4ta,Local,2025-03-15 16:00:00,43.0,23.4,Soleado,6.24599,-75.58547,16,False
SEN06,Circular 4ta,Local,2025-03-15 18:00:00,43.0,21.6,Soleado,6.24567,-75.58587,18,False
SEN06,Circular 4ta,Local,2025-03-15 20:00:00,10.0,23.7,Soleado,6.2457,-75.58519,20,False
SEN06,Circular 4ta,Local,2025-03-15 22:00:00,5.0,20.4,Soleado,6.24582,-75.58552,22,False
SEN06,Circular 4ta,Local,2025-03-16 00:00:00,5.0,22.9,Soleado,6.24447,-75.58551,0,False
SEN06,Circular 4ta,Local,2025-03-16 02:00:00,7.0,24.9,Nublado,6.24504,-75.58454,2,False
SEN06,Circular 4ta,Local,2025-03-16 04:00:00,13.0,21.3,Soleado,6.24474,-75.58493,4,False
SEN06,Circular 4ta,Local,2025-03-16 06:00:00,42.0,23.9,Lluvia,6.24543,-75.58422,6,False
SEN06,Circular 4ta,Local,2025-03-16 08:00:00,38.0,22.6,Nublado,6.24436,-75.58509,8,False
SEN06,Circular 4ta,Local,2025-03-16 10:00:00,11.0,25.5,Nublado,6.24579,-75.5842,10,False
SEN06,Circular 4ta,Local,2025-03-16 12:00:00,6.0,16.3,Soleado,6.2458,-75.58439,12,False
SEN06,Circular 4ta,Local,2025-03-16 14:00:00,13.0,22.0,Soleado,6.24405,-75.58411,14,False
SEN06,Circular 4ta,Local,2025-03-16 16:00:00,43.0,22.2,Sin dato,6.24543,-75.58538,16,False
SEN06,Circular 4ta,Local,2025-03-16 18:00:00,27.0,20.8,Sin dato,6.24495,-75.58428,18,False
SEN06,Circular 4ta,Local,2025-03-16 20:00:00,23.0,20.3,Nublado,6.24531,-75.58435,20,False
SEN06,Circular 4ta,Local,2025-03-16 22:00:00,2.0,17.9,Soleado,6.24424,-75.58539,22,False
SEN06,Circular 4ta,Local,2025-03-17 00:00:00,14.0,20.7,Soleado,6.24588,-75.58413,0,False
SEN06,Circular 4ta,Local,2025-03-17 02:00:00,6.0,23.2,Sin dato,6.24507,-75.58422,2,False
SEN06,Circular 4ta,Local,2025-03-17 04:00:00,17.0,23.3,Lluvia,6.24569,-75.58404,4,False
SEN06,Circular 4ta,Local,2025-03-17 06:00:00,40.0,17.5,Lluvia,6.24408,-75.58584,6,False
SEN06,Circular 4ta,Local,2025-03-17 08:00:00,45.0,25.2,Lluvia,6.2454,-75.58599,8,False
SEN06,Circular 4ta,Local,2025-03-17 10:00:00,27.0,26.7,Lluvia,6.24511,-75.58586,10,False
SEN06,Circular 4ta,Local,2025-03-17 12:00:00,19.0,23.1,Lluvia,6.24574,-75.58423,12,False
SEN06,Circular 4ta,Local,2025-03-17 14:00:00,10.0,24.9,Soleado,6.24501,-75.58453,14,False
SEN06,Circular 4ta,Local,2025-03-17 16:00:00,35.0,18.6,Soleado,6.24534,-75.58582,16,False
SEN06,Circular 4ta,Local,2025-03-17 18:00:00,39.0,23.8,Soleado,6.24451,-75.58483,18,False
SEN06,Circular 4ta,Local,2025-03-17 20:00:00,13.0,22.3,Soleado,6.24507,-75.58457,20,False
SEN06,Circular 4ta,Local,2025-03-17 22:00:00,14.0,25.7,Nublado,6.24424,-75.58536,22,False
SEN06,Circular 4ta,Local,2025-03-18 00:00:00,11.0,21.7,Soleado,6.24407,-75.58529,0,False
SEN06,Circular 4ta,Local,2025-03-18 02:00:00,6.0,20.6,Lluvia,6.24447,-75.58435,2,False
SEN06,Circular 4ta,Local,2025-03-18 04:00:00,16.0,22.0,Soleado,6.24563,-75.58546,4,False
SEN06,Circular 4ta,Local,2025-03-18 06:00:00,43.0,23.007327586206895,Nublado,6.24444,-75.58401,6,False
SEN06,Circular 4ta,Local,2025-03-18 08:00:00,38.0,23.007327586206895,Soleado,6.24543,-75.58596,8,False
SEN06,Circular 4ta,Local,2025-03-18 10:00:00,16.0,24.3,Soleado,6.24404,-75.58529,10,False
SEN06,Circular 4ta,Local,2025-03-18 12:00:00,16.0,23.9,Soleado,6.24431,-75.58546,12,False
SEN06,Circular 4ta,Local,2025-03-18 14:00:00,26.0,22.2,Lluvia,6.2442,-75.58576,14,False
SEN06,Circular 4ta,Local,2025-03-18 16:00:00,43.0,26.0,Sin dato,6.24441,-75.58589,16,False
SEN06,Circular 4ta,Local,2025-03-18 18:00:00,46.0,21.4,Nublado,6.24443,-75.58476,18,False
SEN06,Circular 4ta,Local,2025-03-18 20:00:00,12.0,23.2,Soleado,6.24469,-75.585,20,False
SEN06,Circular 4ta,Local,2025-03-18 22:00:00,20.0,25.3,Sin dato,6.24541,-75.58547,22,False
SEN06,Circular 4ta,Local,2025-03-19 00:00:00,17.0,21.9,Lluvia,6.244,-75.58443,0,False
SEN06,Circular 4ta,Local,2025-03-19 02:00:00,15.0,25.4,Nublado,6.24436,-75.58414,2,False
SEN06,Circular 4ta,Local,2025-03-19 04:00:00,22.0,25.0,Nublado,6.24457,-75.58541,4,False
SEN06,Circular 4ta,Local,2025-03-19 06:00:00,44.0,24.2,Nublado,6.24524,-75.58442,6,False
SEN06,Circular 4ta,Local,2025-03-19 08:00:00,38.0,17.9,Nublado,6.24436,-75.58544,8,False
SEN06,Circular 4ta,Local,2025-03-19 10:00:00,9.0,24.6,Soleado,6.24561,-75.58437,10,False
SEN06,Circular 4ta,Local,2025-03-19 12:00:00,22.0,25.3,Nublado,6.24469,-75.58568,12,False
SEN06,Circular 4ta,Local,2025-03-19 14:00:00,4.0,24.3,Sin dato,6.24414,-75.58594,14,False
SEN06,Circular 4ta,Local,2025-03-19 16:00:00,40.0,21.0,Soleado,6.24496,-75.58545,16,False
SEN06,Circular 4ta,Local,2025-03-19 18:00:00,48.0,28.5,Soleado,6.24409,-75.58454,18,False
SEN06,Circular 4ta,Local,2025-03-19 20:00:00,19.0,19.8,Nublado,6.24536,-75.5851,20,False
SEN06,Circular 4ta,Local,2025-03-19 22:00:00,22.0,18.7,Lluvia,6.24522,-75.58599,22,False
SEN06,Circular 4ta,Local,2025-03-20 00:00:00,9.0,27.6,Soleado,6.24439,-75.58464,0,False
SEN06,Circular 4ta,Local,2025-03-20 02:00:00,19.0,27.3,Soleado,6.24551,-75.58491,2,False
SEN06,Circular 4ta,Local,2025-03-20 04:00:00,13.0,20.6,Nublado,6.24592,-75.58448,4,False
SEN06,Circular 4ta,Local,2025-03-20 06:00:00,27.0,23.1,Sin dato,6.2457,-75.58466,6,False
SEN06,Circular 4ta,Local,2025-03-20 08:00:00,42.0,17.2,Nublado,6.24481,-75.5855,8,False
SEN06,Circular 4ta,Local,2025-03-20 10:00:00,16.0,21.4,Nublado,6.24416,-75.58411,10,False
SEN06,Circular 4ta,Local,2025-03-20 12:00:00,14.0,21.6,Soleado,6.24488,-75.58427,12,False
SEN06,Circular 4ta,Local,2025-03-20 14:00:00,13.0,30.4,Soleado,6.24468,-75.58589,14,False
SEN06,Circular 4ta,Local,2025-03-20 16:00:00,43.0,29.1,Nublado,6.246,-75.58498,16,False
SEN06,Circular 4ta,Local,2025-03-20 18:00:00,29.0,25.6,Nublado,6.24436,-75.5858,18,False
SEN06,Circular 4ta,Local,2025-03-20 20:00:00,20.0,23.9,Soleado,6.24543,-75.58538,20,False
SEN06,Circular 4ta,Local,2025-03-20 22:00:00,29.0,24.5,Soleado,6.24477,-75.58458,22,False
